t,Money,Attention,Reputation,Network_Power,Institutional_Power,Political_Power,Media_Power,Narrative_Power,Cultural_Power,Technological_Power,Data_Power,Coordination_Power,Moral_Authority,Legitimacy,Sacred_Elite,Sacred_Mass,Sacred_Institutional,Sacred_Total,Recognition,Common_Knowledge,Commercialization,Scandal,Contradiction
0,100.00000,1.00000,1.00000,1.00000,1.00000,1.00000,1.00000,1.00000,1.00000,1.00000,1.00000,1.00000,1.00000,1.00000,0.00000,0.00000,0.00000,0.00000,0.00160,0.25918,0.04219,0.00612,0.00091
0.5,100.40631,0.95174,1.00862,1.10709,1.07371,1.09691,1.30985,1.00594,1.05059,1.22065,1.22372,1.02916,1.01677,1.11165,0.04581,0.00592,0.04825,0.02847,0.00164,0.24942,0.05179,0.00616,0.00096
1,100.82143,0.95056,1.02267,1.21007,1.15089,1.19316,1.59640,1.02479,1.10207,1.43056,1.44916,1.05867,1.03864,1.22190,0.09264,0.00576,0.09905,0.05514,0.00170,0.24918,0.06030,0.00636,0.00106
1.5,101.24514,0.98313,1.04152,1.31167,1.23140,1.28865,1.86170,1.05440,1.15504,1.63048,1.67540,1.09003,1.06522,1.33378,0.14065,0.00051,0.15230,0.08050,0.00179,0.25579,0.06787,0.00668,0.00119
2,101.67733,1.03935,1.06464,1.41373,1.31519,1.38337,2.10772,1.09302,1.21002,1.82107,1.90163,1.12431,1.09622,1.44929,0.19001,0.00000,0.20799,0.10900,0.00191,0.26698,0.07464,0.00710,0.00136
2.5,102.11795,1.11185,1.09162,1.51739,1.40224,1.47734,2.33631,1.13924,1.26739,2.00293,2.12717,1.16213,1.13145,1.56964,0.24090,0.00000,0.26615,0.13881,0.00205,0.28098,0.08072,0.00759,0.00156
3,102.56698,1.19503,1.12210,1.62334,1.49253,1.57065,2.54917,1.19188,1.32748,2.17663,2.35142,1.20385,1.17073,1.69543,0.29350,0.00000,0.32684,0.16976,0.00221,0.29648,0.08621,0.00812,0.00180
3.5,103.02440,1.28472,1.15578,1.73186,1.58609,1.66335,2.74788,1.24993,1.39053,2.34266,2.57389,1.24958,1.21391,1.82684,0.34794,0.00000,0.39013,0.20191,0.00240,0.31254,0.09118,0.00870,0.00207
4,103.49019,1.37784,1.19242,1.84301,1.68293,1.75554,2.93386,1.31253,1.45673,2.50150,2.79416,1.29932,1.26087,1.96377,0.40436,0.00000,0.45608,0.23533,0.00262,0.32854,0.09570,0.00930,0.00237
4.5,103.96432,1.47220,1.23180,1.95669,1.78306,1.84727,3.10838,1.37897,1.52624,2.65357,3.01187,1.35296,1.31148,2.10593,0.46289,0.00000,0.52473,0.27005,0.00288,0.34410,0.09983,0.00991,0.00270
5,104.44674,1.56623,1.27372,2.07268,1.88648,1.93861,3.27261,1.44860,1.59914,2.79927,3.22673,1.41032,1.36560,2.25296,0.52360,0.00000,0.59612,0.30611,0.00316,0.35898,0.10361,0.01053,0.00306
5.5,104.93740,1.65885,1.31803,2.19071,1.99320,2.02959,3.42756,1.52087,1.67551,2.93896,3.43847,1.47121,1.42311,2.40442,0.58658,0.00000,0.67026,0.34354,0.00347,0.37305,0.10709,0.01115,0.00345
6,105.43622,1.74934,1.36456,2.31047,2.10318,2.12026,3.57414,1.59532,1.75539,3.07300,3.64691,1.53540,1.48387,2.55988,0.65188,0.00000,0.74714,0.38235,0.00383,0.38628,0.11030,0.01178,0.00387
6.5,105.94310,1.83725,1.41318,2.43168,2.21640,2.21062,3.71318,1.67152,1.83877,3.20169,3.85187,1.60268,1.54774,2.71889,0.71954,0.00000,0.82674,0.42255,0.00422,0.39866,0.11327,0.01240,0.00432
7,106.45794,1.92234,1.46377,2.55401,2.33282,2.30069,3.84539,1.74910,1.92565,3.32532,4.05322,1.67282,1.61458,2.88106,0.78958,0.00000,0.90903,0.46413,0.00465,0.41022,0.11603,0.01301,0.00480
7.5,106.98061,2.00449,1.51620,2.67719,2.45238,2.39047,3.97141,1.82775,2.01601,3.44418,4.25086,1.74561,1.68423,3.04600,0.86200,0.00000,0.99394,0.50709,0.00512,0.42100,0.11860,0.01363,0.00530
8,107.51098,2.08369,1.57037,2.80095,2.57502,2.47994,4.09180,1.90720,2.10978,3.55853,4.44471,1.82082,1.75657,3.21335,0.93681,0.00000,1.08141,0.55140,0.00564,0.43106,0.12100,0.01423,0.00584
8.5,108.04891,2.16000,1.62618,2.92504,2.70066,2.56909,4.20707,1.98719,2.20691,3.66859,4.63473,1.89825,1.83143,3.38279,1.01399,0.00000,1.17137,0.59704,0.00620,0.44046,0.12325,0.01483,0.00641
9,108.59423,2.23352,1.68352,3.04925,2.82922,2.65790,4.31767,2.06754,2.30734,3.77460,4.82087,1.97771,1.90866,3.55404,1.09350,0.00000,1.26374,0.64399,0.00682,0.44925,0.12536,0.01542,0.00700
9.5,109.14678,2.30440,1.74231,3.17337,2.96060,2.74633,4.42399,2.14804,2.41097,3.87677,5.00312,2.05902,1.98813,3.72682,1.17531,0.00000,1.35843,0.69220,0.00749,0.45749,0.12734,0.01601,0.00763
10,109.70638,2.37278,1.80246,3.29724,3.09472,2.83436,4.52638,2.22856,2.51773,3.97530,5.18149,2.14200,2.06968,3.90089,1.25938,0.00000,1.45535,0.74165,0.00821,0.46523,0.12922,0.01658,0.00828
10.5,110.27285,2.43881,1.86388,3.42068,3.23146,2.92196,4.62516,2.30896,2.62752,4.07038,5.35597,2.22647,2.15316,4.07605,1.34566,0.00000,1.55439,0.79229,0.00898,0.47250,0.13099,0.01715,0.00896
11,110.84600,2.50266,1.92649,3.54356,3.37070,3.00910,4.72060,2.38913,2.74023,4.16217,5.52660,2.31228,2.23845,4.25208,1.43408,0.00000,1.65545,0.84409,0.00982,0.47937,0.13266,0.01771,0.00967
11.5,111.42563,2.56447,1.99023,3.66578,3.51235,3.09573,4.81295,2.46899,2.85577,4.25085,5.69341,2.39928,2.32539,4.42883,1.52458,0.00000,1.75844,0.89698,0.01071,0.48586,0.13425,0.01827,0.01041
12,112.01154,2.62440,2.05501,3.78720,3.65627,3.18183,4.90244,2.54844,2.97403,4.33658,5.85644,2.48733,2.41386,4.60611,1.61710,0.00000,1.86324,0.95094,0.01167,0.49201,0.13576,0.01881,0.01117
12.5,112.60352,2.68259,2.12076,3.90776,3.80234,3.26736,4.98927,2.62744,3.09491,4.41949,6.01573,2.57628,2.50371,4.78380,1.71157,0.00000,1.96976,1.00591,0.01269,0.49786,0.13720,0.01935,0.01196
13,113.20137,2.73915,2.18743,4.02737,3.95045,3.35230,5.07361,2.70594,3.21829,4.49974,6.17135,2.66601,2.59483,4.96174,1.80790,0.00000,2.07789,1.06184,0.01377,0.50342,0.13857,0.01987,0.01277
13.5,113.80486,2.79422,2.25493,4.14596,4.10046,3.43660,5.15563,2.78389,3.34406,4.57744,6.32335,2.75640,2.68707,5.13982,1.90603,0.00000,2.18752,1.11869,0.01492,0.50872,0.13988,0.02040,0.01360
14,114.41379,2.84790,2.32322,4.26347,4.25224,3.52025,5.23548,2.86128,3.47213,4.65273,6.47180,2.84734,2.78034,5.31793,2.00587,0.00000,2.29856,1.17640,0.01613,0.51379,0.14113,0.02091,0.01446
14.5,115.02794,2.90029,2.39222,4.37986,4.40568,3.60320,5.31327,2.93808,3.60237,4.72572,6.61676,2.93871,2.87450,5.49594,2.10734,0.00000,2.41090,1.23493,0.01741,0.51864,0.14233,0.02141,0.01534
15,115.64709,2.95149,2.46189,4.49508,4.56063,3.68544,5.38915,3.01428,3.73469,4.79652,6.75831,3.03041,2.96944,5.67378,2.21036,0.00000,2.52444,1.29422,0.01875,0.52330,0.14348,0.02191,0.01624
15.5,116.27101,3.00156,2.53217,4.60910,4.71698,3.76694,5.46320,3.08988,3.86896,4.86523,6.89652,3.12235,3.06507,5.85133,2.31485,0.00090,2.63909,1.35463,0.02017,0.52777,0.14458,0.02240,0.01715
16,116.89948,3.05061,2.60300,4.72188,4.87460,3.84768,5.53553,3.16487,4.00510,4.93196,7.03145,3.21443,3.16126,6.02851,2.42071,0.00420,2.75475,1.41679,0.02165,0.53208,0.14564,0.02289,0.01809
16.5,117.53229,3.09876,2.67433,4.83341,5.03337,3.92764,5.60623,3.23927,4.14299,4.99680,7.16320,3.30657,3.25792,6.20525,2.52787,0.00987,2.87133,1.48063,0.02320,0.53623,0.14666,0.02336,0.01904
17,118.16922,3.14611,2.74612,4.94367,5.19316,4.00679,5.67538,3.31308,4.28254,5.05984,7.29183,3.39869,3.35496,6.38147,2.63625,0.01787,2.98874,1.54610,0.02482,0.54025,0.14765,0.02383,0.02000
17.5,118.81003,3.19274,2.81831,5.05265,5.35386,4.08512,5.74306,3.38632,4.42363,5.12116,7.41743,3.49072,3.45228,6.55709,2.74575,0.02819,3.10688,1.61313,0.02650,0.54414,0.14860,0.02430,0.02098
18,119.45452,3.23873,2.89087,5.16034,5.51534,4.16262,5.80933,3.45900,4.56619,5.18084,7.54006,3.58259,3.54979,6.73206,2.85630,0.04078,3.22568,1.68166,0.02826,0.54792,0.14951,0.02475,0.02198
18.5,120.10246,3.28412,2.96374,5.26674,5.67750,4.23927,5.87426,3.53113,4.71010,5.23895,7.65981,3.67423,3.64742,6.90631,2.96781,0.05561,3.34506,1.75163,0.03008,0.55159,0.15039,0.02520,0.02298
19,120.75364,3.32898,3.03689,5.37184,5.84021,4.31506,5.93791,3.60274,4.85529,5.29557,7.77675,3.76559,3.74508,7.07977,3.08020,0.07263,3.46492,1.82298,0.03196,0.55516,0.15125,0.02565,0.02400
19.5,121.40784,3.37335,3.11028,5.47566,6.00338,4.38998,6.00032,3.67385,5.00165,5.35076,7.89095,3.85660,3.84269,7.25240,3.19339,0.09182,3.58519,1.89563,0.03391,0.55864,0.15208,0.02609,0.02503
20,122.06484,3.41726,3.18387,5.57818,6.16688,4.46402,6.06156,3.74447,5.14910,5.40459,8.00251,3.94723,3.94018,7.42415,3.30730,0.11312,3.70581,1.96955,0.03592,0.56203,0.15288,0.02652,0.02607
20.5,122.72444,3.46074,3.25762,5.67942,6.33064,4.53718,6.12166,3.81463,5.29755,5.45712,8.11148,4.03742,4.03748,7.59495,3.42185,0.13649,3.82669,2.04465,0.03799,0.56534,0.15366,0.02695,0.02711
21,123.38642,3.50381,3.33150,5.77939,6.49453,4.60944,6.18067,3.88435,5.44693,5.50840,8.21794,4.12712,4.13454,7.76477,3.53697,0.16188,3.94778,2.12088,0.04013,0.56857,0.15442,0.02737,0.02817
21.5,124.05058,3.54649,3.40548,5.87808,6.65847,4.68081,6.23864,3.95365,5.59714,5.55850,8.32196,4.21629,4.23128,7.93355,3.65258,0.18925,4.06899,2.19818,0.04232,0.57173,0.15515,0.02779,0.02922
22,124.71671,3.58880,3.47953,5.97551,6.82237,4.75128,6.29559,4.02254,5.74812,5.60745,8.42361,4.30491,4.32764,8.10125,3.76861,0.21854,4.19027,2.27650,0.04457,0.57482,0.15586,0.02820,0.03029
22.5,125.38462,3.63076,3.55361,6.07168,6.98613,4.82085,6.35156,4.09106,5.89978,5.65531,8.52297,4.39292,4.42359,8.26783,3.88499,0.24972,4.31156,2.35576,0.04688,0.57784,0.15656,0.02861,0.03136
23,126.05409,3.67237,3.62770,6.16661,7.14968,4.88953,6.40659,4.15922,6.05205,5.70213,8.62010,4.48030,4.51905,8.43326,4.00164,0.28273,4.43279,2.43592,0.04924,0.58079,0.15723,0.02901,0.03243
23.5,126.72495,3.71364,3.70177,6.26030,7.31292,4.95730,6.46070,4.22704,6.20486,5.74794,8.71506,4.56701,4.61399,8.59748,4.11850,0.31753,4.55391,2.51692,0.05165,0.58368,0.15789,0.02940,0.03350
24,127.39698,3.75458,3.77580,6.35277,7.47578,5.02417,6.51393,4.29454,6.35815,5.79280,8.80793,4.65304,4.70835,8.76046,4.23551,0.35406,4.67487,2.59870,0.05411,0.58651,0.15853,0.02980,0.03457
24.5,128.07001,3.79520,3.84976,6.44402,7.63819,5.09015,6.56630,4.36172,6.51185,5.83673,8.89876,4.73835,4.80210,8.92218,4.35260,0.39227,4.79562,2.68121,0.05662,0.58928,0.15916,0.03018,0.03565
25,128.74384,3.83549,3.92363,6.53405,7.80007,5.15524,6.61784,4.42861,6.66588,5.87978,8.98761,4.82292,4.89519,9.08259,4.46972,0.43212,4.91610,2.76439,0.05918,0.59199,0.15977,0.03056,0.03672
25.5,129.41830,3.87546,3.99738,6.62290,7.96135,5.21943,6.66857,4.49523,6.82020,5.92198,9.07455,4.90672,4.98759,9.24167,4.58679,0.47356,5.03627,2.84820,0.06178,0.59464,0.16036,0.03094,0.03780
26,130.09320,3.91511,4.07100,6.71055,8.12198,5.28274,6.71851,4.56158,6.97473,5.96336,9.15963,4.98975,5.07926,9.39938,4.70377,0.51653,5.15608,2.93259,0.06443,0.59724,0.16095,0.03131,0.03887
26.5,130.76836,3.95445,4.14447,6.79703,8.28188,5.34517,6.76769,4.62767,7.12943,6.00396,9.24291,5.07197,5.17018,9.55569,4.82059,0.56100,5.27549,3.01750,0.06711,0.59979,0.16152,0.03168,0.03994
27,131.44362,3.99347,4.21776,6.88234,8.44100,5.40673,6.81612,4.69353,7.28423,6.04381,9.32444,5.15339,5.26030,9.71059,4.93721,0.60690,5.39446,3.10288,0.06983,0.60229,0.16207,0.03204,0.04101
27.5,132.11880,4.03217,4.29086,6.96649,8.59928,5.46742,6.86382,4.75914,7.43908,6.08293,9.40428,5.23397,5.34960,9.86405,5.05358,0.65420,5.51295,3.18870,0.07259,0.60474,0.16262,0.03240,0.04207
28,132.79374,4.07055,4.36375,7.04950,8.75667,5.52724,6.91081,4.82453,7.59394,6.12135,9.48248,5.31371,5.43807,10.01604,5.16964,0.70284,5.63092,3.27490,0.07538,0.60713,0.16315,0.03275,0.04313
28.5,133.46828,4.10861,4.43641,7.13137,8.91313,5.58621,6.95712,4.88970,7.74874,6.15910,9.55909,5.39260,5.52566,10.16654,5.28535,0.75278,5.74834,3.36144,0.07820,0.60948,0.16367,0.03310,0.04418
29,134.14225,4.14635,4.50884,7.21212,9.06859,5.64434,7.00274,4.95465,7.90344,6.19620,9.63416,5.47062,5.61237,10.31553,5.40066,0.80398,5.86518,3.44828,0.08106,0.61179,0.16418,0.03345,0.04523
29.5,134.81549,4.18377,4.58100,7.29176,9.22303,5.70162,7.04771,5.01940,8.05800,6.23267,9.70773,5.54777,5.69817,10.46300,5.51553,0.85638,5.98139,3.53538,0.08393,0.61404,0.16469,0.03379,0.04627
30,135.48787,4.22086,4.65290,7.37029,9.37639,5.75807,7.09203,5.08393,8.21237,6.26853,9.77985,5.62405,5.78305,10.60893,5.62992,0.90993,6.09696,3.62269,0.08684,0.61625,0.16518,0.03413,0.04731
30.5,136.15923,4.25763,4.72451,7.44773,9.52864,5.81370,7.13572,5.14826,8.36650,6.30381,9.85056,5.69944,5.86698,10.75330,5.74380,0.96461,6.21186,3.71018,0.08976,0.61842,0.16566,0.03446,0.04834
31,136.82941,4.29407,4.79583,7.52409,9.67974,5.86851,7.17878,5.21239,8.52036,6.33853,9.91991,5.77394,5.94996,10.89610,5.85711,1.02035,6.32605,3.79780,0.09271,0.62055,0.16613,0.03479,0.04936
31.5,137.49830,4.33019,4.86684,7.59938,9.82965,5.92251,7.22125,5.27631,8.67390,6.37270,9.98793,5.84754,6.03198,11.03731,5.96983,1.07711,6.43951,3.88553,0.09568,0.62263,0.16660,0.03511,0.05037
32,138.16573,4.36597,4.93752,7.67361,9.97836,5.97572,7.26311,5.34002,8.82708,6.40634,10.05467,5.92025,6.11301,11.17694,6.08192,1.13486,6.55223,3.97332,0.09866,0.62467,0.16705,0.03544,0.05138
32.5,138.83159,4.40142,5.00787,7.74680,10.12582,6.02814,7.30439,5.40353,8.97987,6.43947,10.12017,5.99206,6.19306,11.31496,6.19335,1.19355,6.66416,4.06114,0.10166,0.62667,0.16750,0.03575,0.05238
33,139.49574,4.43654,5.07788,7.81894,10.27201,6.07977,7.34510,5.46683,9.13224,6.47210,10.18445,6.06297,6.27212,11.45138,6.30409,1.25314,6.77531,4.14897,0.10467,0.62863,0.16794,0.03607,0.05336
33.5,140.15805,4.47132,5.14754,7.89006,10.41690,6.13064,7.38525,5.52992,9.28413,6.50424,10.24756,6.13298,6.35017,11.58618,6.41412,1.31358,6.88564,4.23675,0.10769,0.63055,0.16837,0.03638,0.05435
34,140.81840,4.50577,5.21683,7.96017,10.56048,6.18074,7.42484,5.59279,9.43554,6.53592,10.30953,6.20209,6.42721,11.71935,6.52339,1.37483,6.99513,4.32448,0.11072,0.63243,0.16880,0.03668,0.05532
34.5,141.47667,4.53988,5.28574,8.02927,10.70271,6.23009,7.46390,5.65544,9.58641,6.56715,10.37040,6.27031,6.50324,11.85091,6.63190,1.43686,7.10378,4.41210,0.11375,0.63428,0.16922,0.03698,0.05628
35,142.13274,4.57365,5.35428,8.09737,10.84359,6.27870,7.50242,5.71786,9.73672,6.59793,10.43018,6.33762,6.57826,11.98083,6.73961,1.49962,7.21156,4.49960,0.11680,0.63609,0.16963,0.03728,0.05723
35.5,142.78650,4.60708,5.42242,8.16450,10.98309,6.32657,7.54041,5.78005,9.88644,6.62828,10.48893,6.40404,6.65226,12.10912,6.84650,1.56308,7.31846,4.58695,0.11984,0.63787,0.17003,0.03758,0.05817
36,143.43784,4.64017,5.49016,8.23065,11.12120,6.37372,7.57789,5.84200,10.03554,6.65822,10.54666,6.46957,6.72524,12.23579,6.95255,1.62719,7.42446,4.67412,0.12289,0.63960,0.17043,0.03787,0.05911
36.5,144.08665,4.67292,5.55750,8.29584,11.25790,6.42016,7.61486,5.90370,10.18399,6.68775,10.60340,6.53421,6.79720,12.36082,7.05775,1.69193,7.52956,4.76108,0.12594,0.64131,0.17082,0.03816,0.06003
37,144.73283,4.70533,5.62442,8.36008,11.39318,6.46589,7.65133,5.96516,10.33177,6.71688,10.65919,6.59796,6.86814,12.48422,7.16206,1.75724,7.63373,4.84781,0.12898,0.64298,0.17120,0.03844,0.06094
37.5,145.37629,4.73739,5.69091,8.42338,11.52703,6.51092,7.68731,6.02635,10.47885,6.74562,10.71404,6.66084,6.93807,12.60600,7.26549,1.82310,7.73698,4.93429,0.13203,0.64462,0.17158,0.03873,0.06184
38,146.01691,4.76911,5.75698,8.48576,11.65944,6.55526,7.72281,6.08728,10.62521,6.77398,10.76798,6.72284,7.00698,12.72616,7.36800,1.88947,7.83928,5.02048,0.13507,0.64622,0.17195,0.03900,0.06274
38.5,146.65462,4.80050,5.82261,8.54722,11.79041,6.59893,7.75783,6.14793,10.77082,6.80198,10.82104,6.78397,7.07488,12.84469,7.46958,1.95632,7.94064,5.10638,0.13810,0.64780,0.17232,0.03928,0.06362
39,147.28931,4.83153,5.88780,8.60777,11.91992,6.64193,7.79238,6.20830,10.91566,6.82961,10.87324,6.84423,7.14177,12.96162,7.57023,2.02360,8.04104,5.19195,0.14113,0.64934,0.17268,0.03955,0.06449
39.5,147.92091,4.86223,5.95254,8.66742,12.04797,6.68428,7.82647,6.26838,11.05971,6.85690,10.92461,6.90364,7.20767,13.07693,7.66993,2.09129,8.14047,5.27718,0.14415,0.65085,0.17304,0.03982,0.06535
40,148.54932,4.89259,6.01682,8.72619,12.17455,6.72597,7.86010,6.32816,11.20295,6.88384,10.97516,6.96220,7.27256,13.19065,7.76867,2.15936,8.23894,5.36205,0.14716,0.65234,0.17339,0.04009,0.06620
40.5,149.17448,4.92260,6.08064,8.78409,12.29967,6.76702,7.89328,6.38763,11.34536,6.91044,11.02491,7.01990,7.33646,13.30277,7.86644,2.22776,8.33642,5.44653,0.15016,0.65379,0.17373,0.04035,0.06703
41,149.79629,4.95227,6.14399,8.84112,12.42332,6.80744,7.92602,6.44678,11.48691,6.93670,11.07389,7.07677,7.39938,13.41331,7.96322,2.29648,8.43293,5.53061,0.15314,0.65521,0.17407,0.04061,0.06786
41.5,150.41469,4.98160,6.20688,8.89730,12.54551,6.84724,7.95833,6.50562,11.62761,6.96265,11.12212,7.13281,7.46132,13.52227,8.05902,2.36548,8.52844,5.61428,0.15612,0.65661,0.17441,0.04086,0.06868
42,151.02960,5.01059,6.26929,8.95264,12.66622,6.88643,7.99020,6.56411,11.76741,6.98828,11.16961,7.18803,7.52228,13.62966,8.15382,2.43472,8.62297,5.69751,0.15908,0.65798,0.17473,0.04112,0.06948
42.5,151.64096,5.03925,6.33121,9.00715,12.78546,6.92501,8.02164,6.62227,11.90632,7.01359,11.21638,7.24242,7.58228,13.73550,8.24762,2.50418,8.71651,5.78029,0.16202,0.65932,0.17506,0.04137,0.07028
43,152.24869,5.06757,6.39265,9.06084,12.90323,6.96300,8.05267,6.68007,12.04430,7.03860,11.26245,7.29601,7.64133,13.83980,8.34042,2.57383,8.80905,5.86261,0.16495,0.66064,0.17538,0.04161,0.07106
43.5,152.85274,5.09555,6.45360,9.11372,13.01954,7.00040,8.08328,6.73752,12.18136,7.06331,11.30784,7.34879,7.69943,13.94255,8.43220,2.64364,8.90059,5.94444,0.16786,0.66193,0.17570,0.04186,0.07184
44,153.45305,5.12319,6.51406,9.16580,13.13439,7.03722,8.11349,6.79460,12.31747,7.08773,11.35256,7.40078,7.75658,14.04379,8.52296,2.71358,8.99114,6.02579,0.17075,0.66319,0.17601,0.04210,0.07260
44.5,154.04955,5.15051,6.57402,9.21709,13.24778,7.07347,8.14329,6.85131,12.45262,7.11185,11.39663,7.45199,7.81281,14.14351,8.61271,2.78364,9.08068,6.10662,0.17362,0.66444,0.17631,0.04234,0.07335
45,154.64219,5.17749,6.63348,9.26760,13.35972,7.10916,8.17269,6.90764,12.58680,7.13569,11.44005,7.50241,7.86812,14.24174,8.70144,2.85377,9.16923,6.18693,0.17648,0.66565,0.17662,0.04258,0.07410
45.5,155.23092,5.20414,6.69244,9.31734,13.47022,7.14430,8.20170,6.96357,12.71999,7.15924,11.48286,7.55207,7.92252,14.33847,8.78914,2.92395,9.25678,6.26672,0.17931,0.66684,0.17691,0.04281,0.07483
46,155.81569,5.23046,6.75089,9.36632,13.57927,7.17890,8.23033,7.01911,12.85219,7.18252,11.52505,7.60096,7.97601,14.43374,8.87583,2.99417,9.34332,6.34595,0.18212,0.66801,0.17721,0.04304,0.07555
46.5,156.39645,5.25645,6.80883,9.41455,13.68689,7.21296,8.25857,7.07425,12.98339,7.20553,11.56665,7.64911,8.02861,14.52755,8.96148,3.06439,9.42888,6.42464,0.18491,0.66916,0.17750,0.04327,0.07626
47,156.97316,5.28212,6.86625,9.46205,13.79308,7.24649,8.28644,7.12897,13.11357,7.22827,11.60766,7.69651,8.08033,14.61991,9.04612,3.13459,9.51344,6.50276,0.18768,0.67028,0.17778,0.04349,0.07696
47.5,157.54577,5.30747,6.92316,9.50882,13.89786,7.27950,8.31393,7.18328,13.24272,7.25075,11.64810,7.74317,8.13118,14.71084,9.12974,3.20475,9.59700,6.58031,0.19042,0.67139,0.17806,0.04372,0.07765
48,158.11425,5.33250,6.97956,9.55487,14.00123,7.31200,8.34106,7.23716,13.37084,7.27296,11.68798,7.78911,8.18117,14.80036,9.21233,3.27484,9.67958,6.65727,0.19315,0.67247,0.17834,0.04394,0.07833
48.5,158.67855,5.35720,7.03543,9.60021,14.10319,7.34400,8.36782,7.29062,13.49792,7.29492,11.72732,7.83433,8.23031,14.88847,9.29391,3.34485,9.76116,6.73365,0.19584,0.67353,0.17861,0.04415,0.07900
49,159.23865,5.38159,7.09078,9.64485,14.20377,7.37550,8.39422,7.34363,13.62395,7.31663,11.76611,7.87883,8.27861,14.97520,9.37447,3.41475,9.84176,6.80942,0.19852,0.67457,0.17888,0.04437,0.07966
49.5,159.79450,5.40567,7.14561,9.68881,14.30297,7.40651,8.42027,7.39621,13.74893,7.33808,11.80438,7.92264,8.32608,15.06056,9.45402,3.48452,9.92139,6.88459,0.20116,0.67559,0.17915,0.04458,0.08031
50,160.34608,5.42943,7.19992,9.73208,14.40079,7.43704,8.44597,7.44833,13.87284,7.35929,11.84213,7.96576,8.37274,15.14456,9.53256,3.55415,10.00003,6.95914,0.20379,0.67659,0.17941,0.04479,0.08095
50.5,160.89336,5.45288,7.25370,9.77468,14.49725,7.46709,8.47132,7.50001,13.99568,7.38025,11.87937,8.00819,8.41858,15.22722,9.61009,3.62361,10.07770,7.03308,0.20638,0.67757,0.17967,0.04500,0.08158
51,161.43631,5.47603,7.30695,9.81663,14.59236,7.49668,8.49634,7.55122,14.11746,7.40097,11.91611,8.04995,8.46363,15.30855,9.68662,3.69288,10.15440,7.10638,0.20895,0.67853,0.17993,0.04520,0.08220
51.5,161.97491,5.49887,7.35967,9.85792,14.68614,7.52581,8.52101,7.60198,14.23815,7.42146,11.95237,8.09104,8.50790,15.38858,9.76216,3.76195,10.23014,7.17906,0.21150,0.67947,0.18018,0.04540,0.08281
52,162.50913,5.52140,7.41187,9.89857,14.77858,7.55449,8.54536,7.65227,14.35776,7.44171,11.98815,8.13148,8.55139,15.46731,9.83671,3.83079,10.30492,7.25110,0.21402,0.68040,0.18043,0.04560,0.08341
52.5,163.03896,5.54364,7.46353,9.93859,14.86971,7.58272,8.56938,7.70209,14.47628,7.46173,12.02345,8.17126,8.59412,15.54476,9.91027,3.89940,10.37875,7.32250,0.21651,0.68130,0.18067,0.04580,0.08400
53,163.56437,5.56558,7.51467,9.97798,14.95954,7.61051,8.59307,7.75143,14.59372,7.48152,12.05830,8.21041,8.63610,15.62096,9.98285,3.96775,10.45163,7.39325,0.21897,0.68219,0.18091,0.04600,0.08459
53.5,164.08535,5.58722,7.56528,10.01676,15.04808,7.63787,8.61644,7.80030,14.71006,7.50108,12.09268,8.24892,8.67733,15.69590,10.05445,4.03583,10.52357,7.46335,0.22141,0.68307,0.18115,0.04619,0.08516
54,164.60189,5.60858,7.61535,10.05494,15.13533,7.66481,8.63950,7.84868,14.82531,7.52041,12.12662,8.28682,8.71784,15.76962,10.12509,4.10362,10.59457,7.53280,0.22382,0.68392,0.18139,0.04638,0.08572
54.5,165.11396,5.62964,7.66490,10.09251,15.22132,7.69133,8.66224,7.89659,14.93946,7.53953,12.16012,8.32410,8.75763,15.84212,10.19477,4.17111,10.66464,7.60159,0.22620,0.68476,0.18162,0.04657,0.08628
55,165.62156,5.65041,7.71391,10.12950,15.30606,7.71744,8.68468,7.94400,15.05251,7.55842,12.19319,8.36077,8.79671,15.91343,10.26350,4.23829,10.73378,7.66973,0.22855,0.68559,0.18185,0.04676,0.08683
55.5,166.12468,5.67090,7.76240,10.16591,15.38955,7.74314,8.70681,7.99093,15.16446,7.57710,12.22584,8.39684,8.83509,15.98355,10.33127,4.30514,10.80201,7.73720,0.23088,0.68640,0.18207,0.04694,0.08737
56,166.62332,5.69111,7.81036,10.20175,15.47181,7.76844,8.72864,8.03737,15.27532,7.59556,12.25806,8.43233,8.87279,16.05251,10.39811,4.37165,10.86933,7.80401,0.23318,0.68719,0.18230,0.04712,0.08790
56.5,167.11746,5.71104,7.85779,10.23702,15.55286,7.79335,8.75017,8.08332,15.38507,7.61381,12.28987,8.46724,8.90981,16.12031,10.46401,4.43780,10.93575,7.87015,0.23545,0.68797,0.18252,0.04730,0.08842
57,167.60709,5.73069,7.90470,10.27174,15.63271,7.81787,8.77141,8.12877,15.49372,7.63185,12.32128,8.50157,8.94616,16.18699,10.52899,4.50358,11.00126,7.93562,0.23769,0.68873,0.18273,0.04748,0.08893
57.5,168.09223,5.75007,7.95107,10.30591,15.71137,7.84201,8.79236,8.17373,15.60128,7.64968,12.35228,8.53534,8.98187,16.25254,10.59305,4.56899,11.06589,8.00043,0.23991,0.68948,0.18295,0.04765,0.08943
58,168.57286,5.76918,7.99693,10.33955,15.78885,7.86578,8.81302,8.21820,15.70773,7.66731,12.38290,8.56856,9.01692,16.31700,10.65621,4.63400,11.12964,8.06457,0.24209,0.69021,0.18316,0.04783,0.08993
58.5,169.04898,5.78802,8.04226,10.37265,15.86517,7.88918,8.83341,8.26216,15.81309,7.68473,12.41312,8.60123,9.05135,16.38036,10.71846,4.69862,11.19251,8.12804,0.24425,0.69093,0.18336,0.04800,0.09042
59,169.52060,5.80659,8.08707,10.40523,15.94034,7.91221,8.85351,8.30564,15.91735,7.70195,12.44296,8.63336,9.08515,16.44266,10.77982,4.76283,11.25451,8.19084,0.24638,0.69164,0.18357,0.04817,0.09090
59.5,169.98771,5.82491,8.13135,10.43730,16.01437,7.93489,8.87334,8.34861,16.02052,7.71896,12.47243,8.66495,9.11834,16.50390,10.84029,4.82661,11.31565,8.25298,0.24849,0.69233,0.18377,0.04833,0.09137
60,170.45033,5.84296,8.17512,10.46886,16.08728,7.95721,8.89289,8.39109,16.12259,7.73578,12.50152,8.69603,9.15092,16.56410,10.89989,4.88997,11.37594,8.31444,0.25056,0.69301,0.18397,0.04850,0.09184
60.5,170.90845,5.86076,8.21838,10.49992,16.15908,7.97919,8.91218,8.43307,16.22358,7.75241,12.53025,8.72658,9.18292,16.62328,10.95863,4.95289,11.43539,8.37523,0.25261,0.69368,0.18417,0.04866,0.09230
61,171.36209,5.87830,8.26111,10.53049,16.22979,8.00083,8.93120,8.47456,16.32347,7.76884,12.55862,8.75663,9.21433,16.68145,11.01650,5.01536,11.49399,8.43536,0.25463,0.69434,0.18436,0.04882,0.09275
61.5,171.81125,5.89559,8.30334,10.56058,16.29941,8.02213,8.94996,8.51555,16.42229,7.78507,12.58663,8.78618,9.24517,16.73862,11.07353,5.07738,11.55177,8.49482,0.25662,0.69498,0.18455,0.04898,0.09319
62,172.25593,5.91263,8.34506,10.59019,16.36796,8.04310,8.96846,8.55604,16.52002,7.80112,12.61429,8.81524,9.27544,16.79482,11.12971,5.13894,11.60873,8.55362,0.25859,0.69561,0.18474,0.04914,0.09362
62.5,172.69615,5.92943,8.38626,10.61933,16.43546,8.06375,8.98670,8.59605,16.61668,7.81697,12.64160,8.84381,9.30517,16.85005,11.18506,5.20003,11.66487,8.61175,0.26053,0.69623,0.18493,0.04929,0.09405
63,173.13192,5.94599,8.42696,10.64800,16.50192,8.08408,9.00469,8.63556,16.71226,7.83264,12.66857,8.87191,9.33434,16.90433,11.23959,5.26065,11.72021,8.66922,0.26244,0.69684,0.18511,0.04945,0.09447
63.5,173.56326,5.96230,8.46716,10.67623,16.56735,8.10409,9.02244,8.67458,16.80678,7.84813,12.69521,8.89953,9.36299,16.95768,11.29331,5.32078,11.77475,8.72603,0.26433,0.69744,0.18529,0.04960,0.09489
64,173.99016,5.97838,8.50686,10.70400,16.63176,8.12379,9.03994,8.71311,16.90023,7.86343,12.72151,8.92669,9.39111,17.01011,11.34622,5.38043,11.82850,8.78218,0.26618,0.69802,0.18547,0.04975,0.09530
64.5,174.41266,5.99422,8.54606,10.73133,16.69517,8.14318,9.05719,8.75116,16.99262,7.87855,12.74748,8.95340,9.41871,17.06164,11.39833,5.43958,11.88148,8.83768,0.26802,0.69860,0.18565,0.04989,0.09570
65,174.83075,6.00984,8.58477,10.75823,16.75760,8.16228,9.07421,8.78872,17.08395,7.89349,12.77313,8.97965,9.44581,17.11227,11.44966,5.49824,11.93368,8.89252,0.26982,0.69916,0.18582,0.05004,0.09609
65.5,175.24447,6.02522,8.62298,10.78470,16.81904,8.18108,9.09098,8.82580,17.17424,7.90825,12.79845,9.00547,9.47240,17.16203,11.50021,5.55640,11.98511,8.94672,0.27160,0.69971,0.18600,0.05018,0.09648
66,175.65382,6.04038,8.66071,10.81074,16.87953,8.19958,9.10753,8.86240,17.26348,7.92283,12.82346,9.03085,9.49851,17.21092,11.54999,5.61405,12.03579,9.00026,0.27336,0.70026,0.18616,0.05032,0.09686
66.5,176.05882,6.05531,8.69795,10.83638,16.93906,8.21780,9.12384,8.89852,17.35168,7.93724,12.84816,9.05580,9.52414,17.25897,11.59901,5.67118,12.08572,9.05317,0.27508,0.70079,0.18633,0.05046,0.09723
67,176.45950,6.07003,8.73471,10.86160,16.99766,8.23574,9.13993,8.93416,17.43885,7.95147,12.87255,9.08033,9.54930,17.30618,11.64728,5.72781,12.13491,9.10543,0.27679,0.70131,0.18650,0.05060,0.09760
67.5,176.85586,6.08453,8.77099,10.88642,17.05533,8.25340,9.15579,8.96933,17.52499,7.96554,12.89663,9.10445,9.57399,17.35256,11.69482,5.78392,12.18337,9.15705,0.27847,0.70183,0.18666,0.05074,0.09796
68,177.24793,6.09881,8.80679,10.91085,17.11209,8.27079,9.17143,9.00404,17.61010,7.97943,12.92041,9.12816,9.59823,17.39814,11.74162,5.83950,12.23111,9.20804,0.28012,0.70233,0.18682,0.05087,0.09832
68.5,177.63574,6.11288,8.84212,10.93488,17.16795,8.28791,9.18685,9.03827,17.69420,7.99315,12.94389,9.15147,9.62202,17.44292,11.78769,5.89457,12.27813,9.25840,0.28175,0.70283,0.18698,0.05101,0.09867
69,178.01930,6.12674,8.87699,10.95853,17.22293,8.30476,9.20205,9.07205,17.77730,8.00671,12.96708,9.17438,9.64537,17.48693,11.83306,5.94911,12.32445,9.30813,0.28335,0.70331,0.18713,0.05114,0.09901
69.5,178.39863,6.14039,8.91139,10.98181,17.27703,8.32135,9.21704,9.10536,17.85938,8.02011,12.98998,9.19691,9.66829,17.53016,11.87771,6.00312,12.37006,9.35723,0.28493,0.70379,0.18729,0.05127,0.09935
70,178.77375,6.15384,8.94532,11.00471,17.33027,8.33769,9.23182,9.13822,17.94047,8.03333,13.01259,9.21905,9.69079,17.57263,11.92168,6.05660,12.41499,9.40572,0.28649,0.70426,0.18744,0.05140,0.09969
70.5,179.14470,6.16709,8.97880,11.02724,17.38266,8.35377,9.24640,9.17062,18.02058,8.04640,13.03492,9.24082,9.71287,17.61436,11.96495,6.10955,12.45924,9.45359,0.28802,0.70472,0.18759,0.05152,0.10001
71,179.51149,6.18013,9.01183,11.04942,17.43421,8.36961,9.26076,9.20258,18.09969,8.05931,13.05696,9.26221,9.73455,17.65536,12.00755,6.16197,12.50281,9.50085,0.28953,0.70517,0.18774,0.05165,0.10034
71.5,179.87415,6.19299,9.04440,11.07124,17.48494,8.38519,9.27492,9.23408,18.17784,8.07206,13.07873,9.28325,9.75582,17.69564,12.04948,6.21385,12.54572,9.54751,0.29101,0.70561,0.18788,0.05177,0.10065
72,180.23270,6.20564,9.07653,11.09271,17.53486,8.40054,9.28889,9.26515,18.25501,8.08465,13.10023,9.30393,9.77670,17.73521,12.09075,6.26520,12.58797,9.59356,0.29247,0.70605,0.18803,0.05189,0.10096
72.5,180.58718,6.21811,9.10822,11.11384,17.58397,8.41565,9.30265,9.29578,18.33122,8.09708,13.12145,9.32425,9.79719,17.77409,12.13137,6.31602,12.62957,9.63901,0.29391,0.70648,0.18817,0.05201,0.10127
73,180.93759,6.23039,9.13946,11.13463,17.63230,8.43053,9.31622,9.32597,18.40647,8.10936,13.14241,9.34423,9.81731,17.81228,12.17135,6.36630,12.67053,9.68387,0.29533,0.70690,0.18831,0.05213,0.10157
73.5,181.28398,6.24248,9.17028,11.15508,17.67984,8.44517,9.32960,9.35573,18.48078,8.12149,13.16310,9.36387,9.83705,17.84980,12.21069,6.41605,12.71085,9.72814,0.29672,0.70731,0.18844,0.05225,0.10187
74,181.62636,6.25439,9.20066,11.17521,17.72662,8.45959,9.34279,9.38506,18.55415,8.13347,13.18353,9.38317,9.85643,17.88666,12.24940,6.46526,12.75056,9.77183,0.29810,0.70771,0.18858,0.05237,0.10216
74.5,181.96477,6.26611,9.23062,11.19502,17.77265,8.47379,9.35579,9.41397,18.62659,8.14529,13.20370,9.40214,9.87545,17.92287,12.28751,6.51394,12.78964,9.81493,0.29945,0.70811,0.18871,0.05248,0.10244
75,182.29923,6.27766,9.26015,11.21450,17.81793,8.48776,9.36861,9.44247,18.69810,8.15697,13.22361,9.42079,9.89412,17.95844,12.32500,6.56208,12.82812,9.85746,0.30078,0.70850,0.18885,0.05259,0.10272
75.5,182.62978,6.28903,9.28927,11.23368,17.86247,8.50152,9.38124,9.47054,18.76869,8.16850,13.24327,9.43913,9.91245,17.99339,12.36189,6.60969,12.86599,9.89943,0.30209,0.70888,0.18898,0.05270,0.10300
76,182.95643,6.30022,9.31797,11.25255,17.90630,8.51507,9.39370,9.49821,18.83838,8.17989,13.26268,9.45715,9.93043,18.02771,12.39819,6.65677,12.90327,9.94082,0.30338,0.70926,0.18910,0.05281,0.10327
76.5,183.27922,6.31125,9.34626,11.27111,17.94941,8.52841,9.40597,9.52547,18.90716,8.19113,13.28185,9.47486,9.94809,18.06143,12.43391,6.70331,12.93997,9.98166,0.30464,0.70963,0.18923,0.05292,0.10354
77,183.59817,6.32211,9.37415,11.28938,17.99183,8.54154,9.41807,9.55233,18.97505,8.20223,13.30077,9.49227,9.96541,18.09456,12.46906,6.74933,12.97609,10.02194,0.30589,0.70999,0.18936,0.05303,0.10380
77.5,183.91333,6.33279,9.40163,11.30735,18.03355,8.55447,9.43000,9.57879,19.04206,8.21319,13.31945,9.50938,9.98242,18.12710,12.50364,6.79482,13.01164,10.06167,0.30712,0.71035,0.18948,0.05313,0.10406
78,184.22471,6.34332,9.42872,11.32504,18.07459,8.56720,9.44176,9.60486,19.10819,8.22401,13.33789,9.52619,9.99911,18.15906,12.53766,6.83978,13.04662,10.10085,0.30832,0.71070,0.18960,0.05324,0.10431
78.5,184.53234,6.35368,9.45541,11.34244,18.11497,8.57973,9.45334,9.63054,19.17344,8.23469,13.35609,9.54273,10.01550,18.19046,12.57113,6.88422,13.08105,10.13950,0.30951,0.71104,0.18972,0.05334,0.10456
79,184.83626,6.36388,9.48172,11.35956,18.15469,8.59207,9.46477,9.65583,19.23784,8.24524,13.37406,9.55897,10.03158,18.22131,12.60406,6.92813,13.11494,10.17761,0.31068,0.71138,0.18984,0.05344,0.10481
79.5,185.13649,6.37392,9.50764,11.37640,18.19375,8.60422,9.47602,9.68074,19.30138,8.25565,13.39180,9.57494,10.04737,18.25160,12.63645,6.97152,13.14828,10.21519,0.31183,0.71171,0.18996,0.05354,0.10505
80,185.43307,6.38381,9.53318,11.39298,18.23218,8.61618,9.48712,9.70528,19.36408,8.26592,13.40931,9.59064,10.06286,18.28137,12.66832,7.01440,13.18109,10.25225,0.31296,0.71203,0.19007,0.05364,0.10529
80.5,185.72603,6.39354,9.55834,11.40929,18.26998,8.62795,9.49806,9.72944,19.42594,8.27607,13.42659,9.60607,10.07807,18.31060,12.69967,7.05676,13.21338,10.28879,0.31407,0.71235,0.19018,0.05374,0.10552
81,186.01540,6.40313,9.58313,11.42533,18.30717,8.63955,9.50883,9.75324,19.48697,8.28608,13.44366,9.62123,10.09300,18.33932,12.73051,7.09860,13.24515,10.32481,0.31517,0.71267,0.19030,0.05383,0.10575
81.5,186.30120,6.41256,9.60756,11.44112,18.34374,8.65096,9.51946,9.77668,19.54718,8.29596,13.46050,9.63613,10.10766,18.36753,12.76084,7.13994,13.27641,10.36033,0.31624,0.71297,0.19041,0.05393,0.10598
82,186.58347,6.42185,9.63162,11.45666,18.37971,8.66220,9.52993,9.79975,19.60658,8.30572,13.47712,9.65078,10.12204,18.39523,12.79068,7.18076,13.30716,10.39534,0.31730,0.71328,0.19051,0.05402,0.10620
82.5,186.86224,6.43099,9.65532,11.47194,18.41509,8.67326,9.54025,9.82248,19.66517,8.31535,13.49353,9.66518,10.13616,18.42245,12.82003,7.22108,13.33742,10.42985,0.31834,0.71357,0.19062,0.05411,0.10642
83,187.13755,6.43999,9.67867,11.48698,18.44989,8.68415,9.55042,9.84485,19.72297,8.32485,13.50972,9.67933,10.15002,18.44919,12.84889,7.26090,13.36719,10.46387,0.31937,0.71387,0.19073,0.05420,0.10663
83.5,187.40942,6.44885,9.70166,11.50178,18.48412,8.69488,9.56044,9.86687,19.77997,8.33423,13.52570,9.69324,10.16362,18.47545,12.87729,7.30022,13.39648,10.49741,0.32037,0.71415,0.19083,0.05429,0.10684
84,187.67788,6.45756,9.72431,11.51634,18.51779,8.70544,9.57032,9.88856,19.83620,8.34348,13.54148,9.70690,10.17698,18.50125,12.90522,7.33904,13.42529,10.53046,0.32136,0.71443,0.19093,0.05438,0.10705
84.5,187.94297,6.46615,9.74662,11.53066,18.55090,8.71583,9.58005,9.90991,19.89166,8.35262,13.55705,9.72034,10.19009,18.52659,12.93268,7.37737,13.45363,10.56303,0.32234,0.71471,0.19103,0.05447,0.10725
85,188.20471,6.47459,9.76859,11.54475,18.58346,8.72607,9.58964,9.93092,19.94635,8.36163,13.57241,9.73354,10.20296,18.55148,12.95970,7.41521,13.48151,10.59513,0.32329,0.71498,0.19113,0.05455,0.10745
85.5,188.46315,6.48291,9.79022,11.55862,18.61549,8.73614,9.59910,9.95161,20.00029,8.37053,13.58757,9.74652,10.21559,18.57592,12.98627,7.45257,13.50894,10.62677,0.32423,0.71525,0.19123,0.05464,0.10765
86,188.71830,6.49109,9.81153,11.57226,18.64699,8.74606,9.60841,9.97198,20.05348,8.37931,13.60254,9.75928,10.22799,18.59994,13.01240,7.48944,13.53592,10.65794,0.32516,0.71551,0.19133,0.05472,0.10784
86.5,188.97021,6.49915,9.83251,11.58569,18.67797,8.75583,9.61759,9.99202,20.10593,8.38797,13.61731,9.77181,10.24016,18.62353,13.03809,7.52583,13.56245,10.68866,0.32607,0.71577,0.19143,0.05481,0.10803
87,189.21890,6.50708,9.85316,11.59889,18.70844,8.76545,9.62664,10.01175,20.15765,8.39652,13.63188,9.78414,10.25211,18.64670,13.06337,7.56174,13.58856,10.71893,0.32697,0.71602,0.19152,0.05489,0.10822
87.5,189.46440,6.51488,9.87350,11.61189,18.73841,8.77491,9.63555,10.03117,20.20865,8.40495,13.64626,9.79625,10.26384,18.66947,13.08822,7.59719,13.61423,10.74876,0.32785,0.71627,0.19161,0.05497,0.10840
88,189.70675,6.52256,9.89353,11.62467,18.76787,8.78424,9.64434,10.05028,20.25893,8.41328,13.66045,9.80815,10.27536,18.69182,13.11266,7.63216,13.63948,10.77814,0.32871,0.71652,0.19170,0.05505,0.10858
88.5,189.94598,6.53012,9.91325,11.63725,18.79686,8.79341,9.65299,10.06909,20.30850,8.42149,13.67446,9.81985,10.28667,18.71379,13.13669,7.66667,13.66431,10.80709,0.32956,0.71675,0.19179,0.05513,0.10876
89,190.18212,6.53756,9.93266,11.64963,18.82536,8.80245,9.66152,10.08760,20.35738,8.42959,13.68827,9.83135,10.29777,18.73536,13.16033,7.70072,13.68874,10.83561,0.33040,0.71699,0.19188,0.05520,0.10893
89.5,190.41520,6.54488,9.95177,11.66181,18.85339,8.81134,9.66993,10.10582,20.40557,8.43758,13.70191,9.84265,10.30866,18.75655,13.18357,7.73432,13.71275,10.86370,0.33122,0.71722,0.19197,0.05528,0.10911
90,190.64525,6.55208,9.97058,11.67379,18.88096,8.82010,9.67821,10.12374,20.45307,8.44547,13.71536,9.85375,10.31936,18.77737,13.20642,7.76746,13.73638,10.89138,0.33203,0.71745,0.19206,0.05535,0.10928
90.5,190.87231,6.55917,9.98910,11.68557,18.90807,8.82872,9.68637,10.14138,20.49990,8.45325,13.72863,9.86467,10.32986,18.79782,13.22889,7.80015,13.75961,10.91864,0.33282,0.71767,0.19214,0.05543,0.10944
91,191.09640,6.56615,10.00733,11.69717,18.93473,8.83721,9.69441,10.15874,20.54606,8.46092,13.74173,9.87540,10.34018,18.81790,13.25099,7.83240,13.78245,10.94549,0.33361,0.71789,0.19223,0.05550,0.10960
91.5,191.31755,6.57301,10.02527,11.70858,18.96095,8.84557,9.70234,10.17582,20.59156,8.46849,13.75465,9.88594,10.35030,18.83763,13.27272,7.86421,13.80492,10.97194,0.33437,0.71811,0.19231,0.05557,0.10976
92,191.53580,6.57977,10.04294,11.71981,18.98673,8.85380,9.71014,10.19262,20.63641,8.47596,13.76740,9.89631,10.36024,18.85701,13.29409,7.89558,13.82701,10.99799,0.33513,0.71832,0.19239,0.05564,0.10992
92.5,191.75118,6.58642,10.06032,11.73085,19.01208,8.86190,9.71783,10.20916,20.68062,8.48333,13.77998,9.90650,10.37000,18.87605,13.31509,7.92652,13.84873,11.02364,0.33587,0.71853,0.19247,0.05571,0.11008
93,191.96372,6.59296,10.07743,11.74172,19.03702,8.86988,9.72541,10.22543,20.72419,8.49060,13.79239,9.91651,10.37958,18.89475,13.33575,7.95703,13.87009,11.04891,0.33660,0.71873,0.19255,0.05578,0.11023
93.5,192.17345,6.59940,10.09427,11.75241,19.06154,8.87773,9.73288,10.24143,20.76714,8.49777,13.80463,9.92635,10.38898,18.91313,13.35606,7.98711,13.89109,11.07379,0.33732,0.71893,0.19263,0.05585,0.11038
94,192.38039,6.60573,10.11085,11.76293,19.08565,8.88546,9.74024,10.25718,20.80946,8.50484,13.81670,9.93602,10.39822,18.93117,13.37603,8.01678,13.91174,11.09829,0.33802,0.71913,0.19271,0.05592,0.11053
94.5,192.58458,6.61197,10.12716,11.77328,19.10936,8.89307,9.74748,10.27267,20.85117,8.51182,13.82862,9.94553,10.40729,18.94890,13.39566,8.04603,13.93204,11.12242,0.33872,0.71932,0.19278,0.05598,0.11067
95,192.78606,6.61810,10.14321,11.78347,19.13268,8.90057,9.75463,10.28791,20.89227,8.51870,13.84037,9.95487,10.41619,18.96631,13.41496,8.07487,13.95201,11.14618,0.33940,0.71952,0.19286,0.05605,0.11081
95.5,192.98484,6.62414,10.15901,11.79348,19.15561,8.90795,9.76166,10.30291,20.93278,8.52548,13.85196,9.96405,10.42493,18.98342,13.43394,8.10330,13.97163,11.16958,0.34007,0.71970,0.19293,0.05611,0.11095
96,193.18096,6.63008,10.17455,11.80334,19.17816,8.91521,9.76859,10.31766,20.97270,8.53218,13.86340,9.97308,10.43352,19.00023,13.45260,8.13133,13.99093,11.19261,0.34072,0.71989,0.19300,0.05618,0.11109
96.5,193.37445,6.63592,10.18985,11.81304,19.20034,8.92236,9.77542,10.33217,21.01203,8.53878,13.87468,9.98195,10.44195,19.01673,13.47095,8.15896,14.00991,11.21529,0.34137,0.72007,0.19308,0.05624,0.11123
97,193.56535,6.64167,10.20490,11.82258,19.22214,8.92940,9.78215,10.34644,21.05079,8.54529,13.88581,9.99067,10.45022,19.03295,13.48898,8.18619,14.02856,11.23762,0.34201,0.72025,0.19315,0.05630,0.11136
97.5,193.75366,6.64733,10.21971,11.83197,19.24358,8.93633,9.78878,10.36048,21.08898,8.55171,13.89678,9.99924,10.45835,19.04888,13.50671,8.21304,14.04690,11.25960,0.34263,0.72042,0.19322,0.05636,0.11149
98,193.93944,6.65289,10.23429,11.84120,19.26467,8.94316,9.79531,10.37429,21.12660,8.55804,13.90761,10.00766,10.46633,19.06453,13.52415,8.23949,14.06492,11.28125,0.34325,0.72059,0.19329,0.05642,0.11162
98.5,194.12271,6.65837,10.24863,11.85029,19.28540,8.94988,9.80175,10.38788,21.16368,8.56429,13.91829,10.01594,10.47417,19.07991,13.54129,8.26557,14.08265,11.30256,0.34385,0.72076,0.19335,0.05648,0.11175
99,194.30349,6.66376,10.26273,11.85923,19.30579,8.95649,9.80808,10.40124,21.20020,8.57045,13.92882,10.02408,10.48186,19.09501,13.55814,8.29127,14.10007,11.32353,0.34444,0.72093,0.19342,0.05654,0.11187
99.5,194.48181,6.66906,10.27661,11.86803,19.32584,8.96300,9.81433,10.41439,21.23619,8.57652,13.93920,10.03208,10.48942,19.10985,13.57470,8.31660,14.11720,11.34418,0.34503,0.72109,0.19349,0.05659,0.11199
100,194.65771,6.67428,10.29027,11.87668,19.34556,8.96942,9.82048,10.42732,21.27164,8.58251,13.94945,10.03994,10.49684,19.12442,13.59099,8.34155,14.13404,11.36450,0.34560,0.72125,0.19355,0.05665,0.11211
100.5,194.83120,6.67941,10.30371,11.88520,19.36495,8.97573,9.82654,10.44003,21.30657,8.58841,13.95955,10.04767,10.50413,19.13874,13.60700,8.36614,14.15059,11.38451,0.34616,0.72141,0.19361,0.05671,0.11223
101,195.00233,6.68446,10.31693,11.89357,19.38401,8.98194,9.83251,10.45254,21.34098,8.59424,13.96952,10.05526,10.51129,19.15281,13.62274,8.39037,14.16686,11.40420,0.34672,0.72156,0.19368,0.05676,0.11235
101.5,195.17112,6.68943,10.32993,11.90181,19.40276,8.98806,9.83839,10.46484,21.37488,8.59998,13.97935,10.06273,10.51831,19.16663,13.63821,8.41425,14.18285,11.42359,0.34726,0.72171,0.19374,0.05682,0.11246
102,195.33759,6.69431,10.34272,11.90992,19.42119,8.99409,9.84418,10.47694,21.40827,8.60564,13.98904,10.07007,10.52522,19.18021,13.65342,8.43777,14.19857,11.44267,0.34780,0.72186,0.19380,0.05687,0.11257
102.5,195.50177,6.69912,10.35531,11.91790,19.43932,9.00002,9.84989,10.48884,21.44116,8.61122,13.99860,10.07728,10.53199,19.19354,13.66837,8.46095,14.21402,11.46144,0.34832,0.72201,0.19386,0.05692,0.11268
103,195.66369,6.70385,10.36769,11.92575,19.45714,9.00585,9.85551,10.50054,21.47356,8.61673,14.00802,10.08437,10.53865,19.20665,13.68307,8.48378,14.22921,11.47992,0.34884,0.72215,0.19392,0.05697,0.11279
103.5,195.82338,6.70851,10.37987,11.93347,19.47467,9.01160,9.86105,10.51205,21.50547,8.62216,14.01732,10.09134,10.54519,19.21952,13.69752,8.50627,14.24414,11.49811,0.34935,0.72229,0.19398,0.05702,0.11290
104,195.98087,6.71308,10.39185,11.94107,19.49191,9.01726,9.86650,10.52337,21.53690,8.62751,14.02648,10.09818,10.55161,19.23217,13.71173,8.52842,14.25882,11.51601,0.34985,0.72243,0.19404,0.05707,0.11300
104.5,196.13617,6.71759,10.40363,11.94854,19.50886,9.02283,9.87188,10.53450,21.56786,8.63278,14.03552,10.10492,10.55791,19.24460,13.72569,8.55025,14.27324,11.53363,0.35034,0.72257,0.19409,0.05712,0.11311
105,196.28932,6.72202,10.41522,11.95590,19.52552,9.02832,9.87717,10.54545,21.59836,8.63799,14.04443,10.11153,10.56411,19.25680,13.73942,8.57174,14.28742,11.55096,0.35082,0.72270,0.19415,0.05717,0.11321
105.5,196.44035,6.72638,10.42663,11.96313,19.54191,9.03372,9.88238,10.55622,21.62839,8.64311,14.05322,10.11804,10.57019,19.26880,13.75291,8.59291,14.30135,11.56802,0.35129,0.72283,0.19420,0.05722,0.11331
106,196.58928,6.73067,10.43784,11.97025,19.55803,9.03903,9.88752,10.56681,21.65797,8.64817,14.06189,10.12443,10.57617,19.28058,13.76618,8.61377,14.31505,11.58481,0.35176,0.72296,0.19426,0.05727,0.11341
106.5,196.73613,6.73489,10.44887,11.97726,19.57387,9.04427,9.89258,10.57722,21.68710,8.65316,14.07043,10.13071,10.58203,19.29216,13.77921,8.63431,14.32851,11.60133,0.35221,0.72309,0.19431,0.05732,0.11350
107,196.88093,6.73904,10.45972,11.98415,19.58946,9.04942,9.89756,10.58746,21.71579,8.65807,14.07886,10.13689,10.58780,19.30353,13.79203,8.65453,14.34174,11.61758,0.35266,0.72322,0.19437,0.05736,0.11360
107.5,197.02371,6.74312,10.47040,11.99093,19.60478,9.05449,9.90247,10.59753,21.74405,8.66292,14.08717,10.14296,10.59346,19.31471,13.80463,8.67445,14.35474,11.63358,0.35311,0.72334,0.19442,0.05741,0.11369
108,197.16449,6.74713,10.48089,11.99760,19.61985,9.05949,9.90731,10.60743,21.77188,8.66769,14.09536,10.14893,10.59902,19.32569,13.81702,8.69407,14.36752,11.64932,0.35354,0.72346,0.19447,0.05745,0.11378
108.5,197.30330,6.75109,10.49122,12.00416,19.63466,9.06440,9.91207,10.61717,21.79928,8.67240,14.10343,10.15480,10.60448,19.33648,13.82919,8.71339,14.38008,11.66480,0.35397,0.72358,0.19452,0.05750,0.11387
109,197.44015,6.75497,10.50137,12.01061,19.64923,9.06924,9.91676,10.62675,21.82626,8.67704,14.11139,10.16056,10.60984,19.34708,13.84116,8.73241,14.39242,11.68004,0.35439,0.72370,0.19457,0.05754,0.11396
109.5,197.57509,6.75879,10.51136,12.01697,19.66356,9.07401,9.92138,10.63616,21.85283,8.68162,14.11924,10.16623,10.61511,19.35749,13.85292,8.75114,14.40456,11.69503,0.35480,0.72381,0.19462,0.05758,0.11405
110,197.70812,6.76256,10.52118,12.02322,19.67765,9.07870,9.92593,10.64542,21.87900,8.68613,14.12698,10.17180,10.62029,19.36773,13.86449,8.76958,14.41648,11.70978,0.35520,0.72392,0.19467,0.05763,0.11413
110.5,197.83928,6.76625,10.53084,12.02936,19.69150,9.08332,9.93041,10.65453,21.90477,8.69057,14.13461,10.17728,10.62537,19.37778,13.87585,8.78774,14.42819,11.72429,0.35560,0.72404,0.19471,0.05767,0.11422
111,197.96859,6.76989,10.54034,12.03541,19.70512,9.08786,9.93483,10.66348,21.93014,8.69495,14.14214,10.18266,10.63037,19.38766,13.88703,8.80562,14.43971,11.73856,0.35599,0.72414,0.19476,0.05771,0.11430
111.5,198.09607,6.77347,10.54968,12.04137,19.71852,9.09234,9.93918,10.67229,21.95512,8.69927,14.14955,10.18795,10.63528,19.39737,13.89801,8.82322,14.45102,11.75261,0.35638,0.72425,0.19481,0.05775,0.11438
112,198.22175,6.77699,10.55887,12.04722,19.73169,9.09675,9.94346,10.68094,21.97972,8.70353,14.15686,10.19316,10.64010,19.40690,13.90880,8.84054,14.46214,11.76642,0.35675,0.72436,0.19485,0.05779,0.11446
112.5,198.34564,6.78046,10.56790,12.05298,19.74464,9.10108,9.94768,10.68946,22.00394,8.70773,14.16407,10.19827,10.64483,19.41628,13.91941,8.85760,14.47307,11.78001,0.35712,0.72446,0.19490,0.05783,0.11454
113,198.46777,6.78387,10.57679,12.05865,19.75738,9.10536,9.95183,10.69783,22.02778,8.71187,14.17118,10.20330,10.64948,19.42548,13.92984,8.87440,14.48381,11.79338,0.35749,0.72456,0.19494,0.05787,0.11462
113.5,198.58817,6.78722,10.58552,12.06423,19.76990,9.10956,9.95592,10.70606,22.05126,8.71594,14.17818,10.20824,10.65405,19.43453,13.94010,8.89093,14.49436,11.80654,0.35785,0.72466,0.19499,0.05790,0.11470
114,198.70686,6.79051,10.59412,12.06971,19.78222,9.11370,9.95995,10.71415,22.07438,8.71996,14.18508,10.21309,10.65854,19.44342,13.95017,8.90720,14.50473,11.81948,0.35820,0.72476,0.19503,0.05794,0.11477
114.5,198.82385,6.79376,10.60257,12.07511,19.79433,9.11777,9.96392,10.72211,22.09714,8.72392,14.19189,10.21787,10.66295,19.45216,13.96008,8.92322,14.51493,11.83221,0.35855,0.72486,0.19507,0.05798,0.11484
115,198.93917,6.79694,10.61088,12.08042,19.80623,9.12179,9.96783,10.72994,22.11954,8.72783,14.19860,10.22256,10.66728,19.46074,13.96982,8.93899,14.52494,11.84473,0.35889,0.72495,0.19511,0.05802,0.11492
115.5,199.05285,6.80008,10.61905,12.08564,19.81794,9.12574,9.97168,10.73763,22.14160,8.73167,14.20521,10.22717,10.67154,19.46918,13.97939,8.95451,14.53478,11.85704,0.35922,0.72505,0.19515,0.05805,0.11499
116,199.16490,6.80317,10.62709,12.09078,19.82946,9.12962,9.97547,10.74520,22.16332,8.73546,14.21173,10.23171,10.67572,19.47747,13.98880,8.96979,14.54445,11.86916,0.35955,0.72514,0.19519,0.05809,0.11506
116.5,199.27534,6.80620,10.63499,12.09584,19.84078,9.13345,9.97921,10.75264,22.18470,8.73920,14.21816,10.23617,10.67983,19.48561,13.99804,8.98482,14.55396,11.88107,0.35987,0.72523,0.19523,0.05812,0.11513
117,199.38421,6.80919,10.64276,12.10082,19.85192,9.13722,9.98289,10.75996,22.20575,8.74288,14.22449,10.24055,10.68386,19.49362,14.00713,8.99962,14.56329,11.89279,0.36019,0.72532,0.19527,0.05816,0.11520
117.5,199.49151,6.81212,10.65040,12.10571,19.86287,9.14093,9.98651,10.76715,22.22647,8.74651,14.23073,10.24486,10.68783,19.50148,14.01607,9.01419,14.57247,11.90432,0.36050,0.72540,0.19531,0.05819,0.11526
118,199.59726,6.81501,10.65791,12.11053,19.87363,9.14458,9.99008,10.77422,22.24687,8.75009,14.23689,10.24909,10.69172,19.50921,14.02485,9.02852,14.58149,11.91566,0.36081,0.72549,0.19535,0.05822,0.11533
118.5,199.70150,6.81785,10.66530,12.11527,19.88422,9.14817,9.99359,10.78117,22.26695,8.75362,14.24295,10.25326,10.69555,19.51681,14.03348,9.04263,14.59035,11.92681,0.36111,0.72557,0.19539,0.05826,0.11539
119,199.80424,6.82065,10.67256,12.11993,19.89463,9.15171,9.99705,10.78801,22.28672,8.75709,14.24893,10.25735,10.69931,19.52427,14.04196,9.05651,14.59905,11.93778,0.36141,0.72566,0.19542,0.05829,0.11546
119.5,199.90549,6.82340,10.67971,12.12452,19.90487,9.15520,10.00046,10.79473,22.30617,8.76052,14.25482,10.26137,10.70301,19.53160,14.05030,9.07017,14.60761,11.94857,0.36170,0.72574,0.19546,0.05832,0.11552
120,200.00528,6.82610,10.68673,12.12903,19.91494,9.15863,10.00381,10.80135,22.32533,8.76389,14.26063,10.26533,10.70664,19.53881,14.05850,9.08361,14.61602,11.95918,0.36198,0.72582,0.19550,0.05835,0.11558
120.5,200.10363,6.82876,10.69364,12.13347,19.92484,9.16200,10.00712,10.80785,22.34418,8.76721,14.26635,10.26922,10.71021,19.54589,14.06656,9.09684,14.62428,11.96961,0.36226,0.72589,0.19553,0.05838,0.11564
121,200.20056,6.83137,10.70043,12.13784,19.93458,9.16533,10.01037,10.81424,22.36274,8.77049,14.27199,10.27304,10.71371,19.55285,14.07448,9.10986,14.63239,11.97988,0.36254,0.72597,0.19557,0.05841,0.11570
121.5,200.29608,6.83395,10.70710,12.14213,19.94415,9.16860,10.01358,10.82052,22.38101,8.77372,14.27755,10.27680,10.71716,19.55969,14.08226,9.12267,14.64037,11.98997,0.36281,0.72605,0.19560,0.05844,0.11576
122,200.39022,6.83648,10.71367,12.14636,19.95357,9.17182,10.01674,10.82670,22.39899,8.77690,14.28303,10.28049,10.72054,19.56642,14.08991,9.13527,14.64820,11.99990,0.36308,0.72612,0.19563,0.05847,0.11581
122.5,200.48300,6.83896,10.72012,12.15052,19.96283,9.17499,10.01984,10.83277,22.41669,8.78004,14.28843,10.28412,10.72387,19.57302,14.09743,9.14767,14.65590,12.00966,0.36334,0.72620,0.19567,0.05850,0.11587
123,200.57442,6.84141,10.72647,12.15462,19.97193,9.17812,10.02291,10.83875,22.43411,8.78312,14.29375,10.28769,10.72713,19.57952,14.10482,9.15987,14.66347,12.01926,0.36360,0.72627,0.19570,0.05853,0.11593
123.5,200.66452,6.84382,10.73271,12.15864,19.98088,9.18119,10.02592,10.84462,22.45126,8.78617,14.29900,10.29120,10.73034,19.58590,14.11209,9.17188,14.67091,12.02870,0.36385,0.72634,0.19573,0.05856,0.11598
124,200.75331,6.84619,10.73885,12.16260,19.98969,9.18421,10.02889,10.85039,22.46813,8.78917,14.30416,10.29465,10.73350,19.59217,14.11923,9.18369,14.67821,12.03798,0.36410,0.72641,0.19577,0.05859,0.11603
124.5,200.84080,6.84851,10.74488,12.16650,19.99835,9.18719,10.03181,10.85607,22.48474,8.79212,14.30926,10.29804,10.73660,19.59833,14.12625,9.19531,14.68539,12.04711,0.36434,0.72648,0.19580,0.05862,0.11609
125,200.92702,6.85080,10.75081,12.17034,20.00686,9.19012,10.03469,10.86165,22.50109,8.79504,14.31428,10.30138,10.73965,19.60439,14.13315,9.20674,14.69244,12.05609,0.36458,0.72654,0.19583,0.05864,0.11614
125.5,201.01198,6.85306,10.75665,12.17411,20.01523,9.19301,10.03753,10.86714,22.51718,8.79791,14.31922,10.30465,10.74264,19.61034,14.13993,9.21799,14.69937,12.06492,0.36482,0.72661,0.19586,0.05867,0.11619
126,201.09570,6.85527,10.76238,12.17782,20.02347,9.19585,10.04032,10.87254,22.53302,8.80073,14.32410,10.30788,10.74558,19.61619,14.14660,9.22906,14.70618,12.07360,0.36505,0.72668,0.19589,0.05870,0.11624
126.5,201.17819,6.85745,10.76802,12.18147,20.03156,9.19865,10.04307,10.87785,22.54860,8.80352,14.32890,10.31105,10.74848,19.62194,14.15315,9.23994,14.71287,12.08214,0.36528,0.72674,0.19592,0.05872,0.11629
127,201.25948,6.85959,10.77356,12.18507,20.03953,9.20140,10.04578,10.88306,22.56394,8.80626,14.33363,10.31416,10.75132,19.62759,14.15959,9.25065,14.71944,12.09053,0.36550,0.72680,0.19595,0.05875,0.11634
127.5,201.33958,6.86170,10.77902,12.18860,20.04736,9.20411,10.04844,10.88819,22.57904,8.80897,14.33830,10.31722,10.75411,19.63314,14.16592,9.26119,14.72590,12.09879,0.36572,0.72686,0.19598,0.05877,0.11638
128,201.41851,6.86377,10.78438,12.19208,20.05506,9.20678,10.05107,10.89324,22.59390,8.81163,14.34289,10.32023,10.75685,19.63860,14.17214,9.27155,14.73225,12.10690,0.36594,0.72693,0.19600,0.05880,0.11643
128.5,201.49627,6.86581,10.78964,12.19550,20.06263,9.20941,10.05365,10.89820,22.60852,8.81426,14.34742,10.32319,10.75955,19.64397,14.17826,9.28175,14.73848,12.11488,0.36615,0.72698,0.19603,0.05882,0.11648
129,201.57290,6.86782,10.79483,12.19887,20.07008,9.21199,10.05620,10.90307,22.62291,8.81685,14.35188,10.32610,10.76220,19.64924,14.18427,9.29178,14.74461,12.12273,0.36636,0.72704,0.19606,0.05884,0.11652
129.5,201.64840,6.86979,10.79992,12.20218,20.07740,9.21454,10.05870,10.90787,22.63707,8.81939,14.35628,10.32896,10.76481,19.65442,14.19018,9.30164,14.75063,12.13045,0.36657,0.72710,0.19609,0.05887,0.11657
130,201.72279,6.87173,10.80493,12.20544,20.08460,9.21705,10.06117,10.91258,22.65101,8.82190,14.36061,10.33178,10.76737,19.65952,14.19599,9.31135,14.75654,12.13804,0.36677,0.72716,0.19611,0.05889,0.11661
130.5,201.79608,6.87364,10.80985,12.20865,20.09169,9.21951,10.06360,10.91721,22.66472,8.82438,14.36488,10.33454,10.76988,19.66452,14.20170,9.32089,14.76236,12.14550,0.36697,0.72721,0.19614,0.05891,0.11665
131,201.86829,6.87551,10.81469,12.21180,20.09865,9.22194,10.06600,10.92177,22.67822,8.82682,14.36909,10.33726,10.77235,19.66945,14.20731,9.33028,14.76807,12.15283,0.36716,0.72727,0.19616,0.05894,0.11670
131.5,201.93945,6.87736,10.81945,12.21490,20.10550,9.22433,10.06836,10.92625,22.69150,8.82922,14.37323,10.33993,10.77478,19.67428,14.21282,9.33951,14.77368,12.16005,0.36735,0.72732,0.19619,0.05896,0.11674
132,202.00955,6.87917,10.82413,12.21796,20.11224,9.22668,10.07068,10.93066,22.70457,8.83158,14.37732,10.34256,10.77717,19.67904,14.21824,9.34860,14.77919,12.16714,0.36754,0.72738,0.19621,0.05898,0.11678
132.5,202.07861,6.88096,10.82873,12.22096,20.11886,9.22900,10.07296,10.93499,22.71744,8.83391,14.38134,10.34514,10.77952,19.68371,14.22357,9.35753,14.78460,12.17411,0.36773,0.72743,0.19624,0.05900,0.11682
133,202.14666,6.88271,10.83326,12.22392,20.12538,9.23128,10.07521,10.93925,22.73009,8.83621,14.38531,10.34768,10.78183,19.68830,14.22881,9.36632,14.78993,12.18097,0.36791,0.72748,0.19626,0.05902,0.11686
133.5,202.21370,6.88444,10.83770,12.22682,20.13178,9.23353,10.07743,10.94344,22.74255,8.83847,14.38921,10.35018,10.78410,19.69282,14.23396,9.37496,14.79515,12.18771,0.36809,0.72753,0.19629,0.05905,0.11690
134,202.27975,6.88614,10.84207,12.22969,20.13809,9.23574,10.07961,10.94756,22.75480,8.84070,14.39306,10.35264,10.78633,19.69726,14.23902,9.38346,14.80029,12.19434,0.36826,0.72758,0.19631,0.05907,0.11694
134.5,202.34482,6.88781,10.84637,12.23250,20.14428,9.23791,10.08176,10.95160,22.76686,8.84289,14.39685,10.35505,10.78852,19.70162,14.24399,9.39182,14.80534,12.20085,0.36843,0.72763,0.19633,0.05909,0.11698
135,202.40893,6.88945,10.85060,12.23527,20.15038,9.24005,10.08387,10.95558,22.77873,8.84506,14.40059,10.35742,10.79067,19.70591,14.24888,9.40004,14.81030,12.20726,0.36860,0.72767,0.19636,0.05911,0.11701
135.5,202.47208,6.89106,10.85476,12.23800,20.15637,9.24216,10.08596,10.95950,22.79041,8.84719,14.40427,10.35976,10.79279,19.71012,14.25369,9.40813,14.81517,12.21356,0.36877,0.72772,0.19638,0.05913,0.11705
136,202.53430,6.89265,10.85884,12.24068,20.16226,9.24423,10.08801,10.96335,22.80190,8.84929,14.40790,10.36205,10.79487,19.71427,14.25841,9.41608,14.81996,12.21975,0.36894,0.72777,0.19640,0.05915,0.11708
136.5,202.59560,6.89421,10.86286,12.24331,20.16806,9.24628,10.09003,10.96713,22.81321,8.85135,14.41147,10.36431,10.79691,19.71834,14.26306,9.42390,14.82466,12.22584,0.36910,0.72781,0.19642,0.05916,0.11712
137,202.65599,6.89575,10.86681,12.24591,20.17376,9.24829,10.09202,10.97085,22.82433,8.85339,14.41499,10.36652,10.79892,19.72234,14.26762,9.43159,14.82928,12.23182,0.36925,0.72786,0.19645,0.05918,0.11715
137.5,202.71547,6.89726,10.87069,12.24846,20.17937,9.25027,10.09397,10.97451,22.83528,8.85540,14.41846,10.36870,10.80090,19.72628,14.27211,9.43915,14.83382,12.23771,0.36941,0.72790,0.19647,0.05920,0.11719
138,202.77408,6.89874,10.87451,12.25097,20.18488,9.25222,10.09590,10.97811,22.84605,8.85737,14.42188,10.37085,10.80284,19.73014,14.27652,9.44659,14.83829,12.24349,0.36956,0.72795,0.19649,0.05922,0.11722
138.5,202.83181,6.90021,10.87826,12.25345,20.19030,9.25413,10.09780,10.98164,22.85665,8.85932,14.42524,10.37296,10.80475,19.73395,14.28085,9.45391,14.84267,12.24918,0.36971,0.72799,0.19651,0.05924,0.11726
139,202.88868,6.90164,10.88195,12.25588,20.19564,9.25602,10.09967,10.98512,22.86708,8.86124,14.42856,10.37503,10.80663,19.73769,14.28511,9.46110,14.84698,12.25477,0.36986,0.72803,0.19653,0.05926,0.11729
139.5,202.94470,6.90306,10.88558,12.25827,20.20088,9.25788,10.10151,10.98854,22.87734,8.86313,14.43183,10.37707,10.80847,19.74136,14.28930,9.46817,14.85121,12.26027,0.37001,0.72807,0.19655,0.05927,0.11732
140,202.99989,6.90445,10.88914,12.26062,20.20604,9.25971,10.10332,10.99190,22.88744,8.86499,14.43504,10.37907,10.81028,19.74497,14.29342,9.47513,14.85537,12.26568,0.37015,0.72811,0.19657,0.05929,0.11735
140.5,203.05426,6.90581,10.89265,12.26294,20.21111,9.26151,10.10511,10.99521,22.89737,8.86682,14.43821,10.38104,10.81207,19.74852,14.29746,9.48197,14.85945,12.27099,0.37029,0.72815,0.19659,0.05931,0.11738
141,203.10781,6.90716,10.89610,12.26522,20.21610,9.26328,10.10687,10.99846,22.90715,8.86863,14.44134,10.38298,10.81382,19.75201,14.30144,9.48870,14.86347,12.27621,0.37043,0.72819,0.19661,0.05932,0.11741
141.5,203.16057,6.90848,10.89949,12.26746,20.22101,9.26503,10.10859,11.00166,22.91676,8.87041,14.44442,10.38488,10.81554,19.75545,14.30535,9.49531,14.86741,12.28135,0.37056,0.72823,0.19662,0.05934,0.11744
142,203.21253,6.90978,10.90282,12.26967,20.22584,9.26674,10.11030,11.00480,22.92623,8.87216,14.44745,10.38675,10.81723,19.75882,14.30919,9.50181,14.87129,12.28640,0.37070,0.72827,0.19664,0.05936,0.11747
142.5,203.26372,6.91106,10.90610,12.27184,20.23058,9.26844,10.11198,11.00789,22.93554,8.87388,14.45043,10.38859,10.81890,19.76214,14.31297,9.50821,14.87509,12.29136,0.37083,0.72830,0.19666,0.05937,0.11750
143,203.31414,6.91231,10.90932,12.27397,20.23525,9.27010,10.11363,11.01093,22.94470,8.87558,14.45337,10.39040,10.82054,19.76540,14.31669,9.51450,14.87884,12.29624,0.37096,0.72834,0.19668,0.05939,0.11753
143.5,203.36381,6.91355,10.91248,12.27607,20.23984,9.27174,10.11525,11.01392,22.95371,8.87726,14.45627,10.39218,10.82214,19.76860,14.32034,9.52068,14.88251,12.30103,0.37108,0.72838,0.19670,0.05940,0.11756
144,203.41274,6.91477,10.91560,12.27814,20.24436,9.27335,10.11685,11.01685,22.96258,8.87891,14.45913,10.39393,10.82373,19.77175,14.32392,9.52676,14.88612,12.30575,0.37121,0.72841,0.19671,0.05942,0.11759
144.5,203.46093,6.91596,10.91866,12.28017,20.24880,9.27494,10.11843,11.01974,22.97130,8.88053,14.46194,10.39566,10.82528,19.77485,14.32745,9.53274,14.88967,12.31038,0.37133,0.72844,0.19673,0.05943,0.11761
145,203.50839,6.91714,10.92167,12.28217,20.25316,9.27650,10.11998,11.02258,22.97988,8.88213,14.46471,10.39735,10.82681,19.77790,14.33092,9.53861,14.89316,12.31494,0.37145,0.72848,0.19675,0.05945,0.11764
145.5,203.55515,6.91830,10.92463,12.28414,20.25746,9.27804,10.12151,11.02538,22.98833,8.88371,14.46744,10.39901,10.82831,19.78089,14.33433,9.54439,14.89658,12.31942,0.37157,0.72851,0.19677,0.05946,0.11767
146,203.60120,6.91943,10.92754,12.28608,20.26168,9.27955,10.12301,11.02812,22.99664,8.88526,14.47013,10.40065,10.82979,19.78383,14.33768,9.55008,14.89995,12.32382,0.37168,0.72855,0.19678,0.05948,0.11769
146.5,203.64657,6.92055,10.93040,12.28798,20.26584,9.28104,10.12449,11.03082,23.00481,8.88679,14.47277,10.40226,10.83124,19.78673,14.34097,9.55566,14.90326,12.32815,0.37180,0.72858,0.19680,0.05949,0.11772
147,203.69125,6.92165,10.93321,12.28986,20.26993,9.28251,10.12595,11.03348,23.01285,8.88830,14.47538,10.40384,10.83267,19.78957,14.34420,9.56116,14.90651,12.33241,0.37191,0.72861,0.19681,0.05951,0.11774
147.5,203.73526,6.92274,10.93597,12.29170,20.27395,9.28396,10.12739,11.03609,23.02077,8.88978,14.47795,10.40539,10.83407,19.79237,14.34739,9.56656,14.90970,12.33659,0.37202,0.72864,0.19683,0.05952,0.11777
148,203.77860,6.92380,10.93869,12.29352,20.27790,9.28538,10.12880,11.03866,23.02855,8.89124,14.48048,10.40692,10.83545,19.79512,14.35051,9.57187,14.91284,12.34070,0.37213,0.72867,0.19684,0.05953,0.11779
148.5,203.82130,6.92485,10.94136,12.29530,20.28179,9.28678,10.13019,11.04118,23.03621,8.89268,14.48297,10.40842,10.83681,19.79782,14.35359,9.57709,14.91592,12.34475,0.37223,0.72870,0.19686,0.05955,0.11781
149,203.86335,6.92587,10.94399,12.29706,20.28561,9.28816,10.13156,11.04367,23.04374,8.89410,14.48543,10.40990,10.83815,19.80048,14.35661,9.58222,14.91895,12.34872,0.37234,0.72873,0.19687,0.05956,0.11784
149.5,203.90477,6.92689,10.94657,12.29879,20.28937,9.28951,10.13291,11.04611,23.05115,8.89549,14.48785,10.41136,10.83946,19.80309,14.35958,9.58727,14.92192,12.35263,0.37244,0.72876,0.19689,0.05957,0.11786
150,203.94557,6.92788,10.94911,12.30049,20.29307,9.29085,10.13424,11.04851,23.05845,8.89687,14.49023,10.41279,10.84075,19.80566,14.36250,9.59223,14.92485,12.35647,0.37254,0.72879,0.19690,0.05958,0.11788
150.5,203.98575,6.92886,10.95161,12.30216,20.29671,9.29216,10.13555,11.05087,23.06562,8.89822,14.49258,10.41419,10.84201,19.80819,14.36537,9.59711,14.92772,12.36024,0.37264,0.72882,0.19692,0.05960,0.11791
151,204.02532,6.92982,10.95407,12.30381,20.30029,9.29345,10.13684,11.05319,23.07268,8.89956,14.49489,10.41557,10.84326,19.81067,14.36820,9.60191,14.93054,12.36395,0.37274,0.72885,0.19693,0.05961,0.11793
151.5,204.06430,6.93077,10.95648,12.30543,20.30381,9.29473,10.13811,11.05547,23.07962,8.90087,14.49716,10.41693,10.84449,19.81311,14.37097,9.60662,14.93332,12.36760,0.37284,0.72887,0.19695,0.05962,0.11795
152,204.10269,6.93170,10.95885,12.30702,20.30727,9.29598,10.13935,11.05771,23.08645,8.90216,14.49941,10.41827,10.84569,19.81551,14.37370,9.61126,14.93604,12.37119,0.37293,0.72890,0.19696,0.05963,0.11797
152.5,204.14049,6.93262,10.96119,12.30859,20.31068,9.29721,10.14058,11.05992,23.09317,8.90344,14.50162,10.41958,10.84688,19.81788,14.37638,9.61582,14.93872,12.37471,0.37302,0.72893,0.19697,0.05964,0.11799
153,204.17773,6.93352,10.96348,12.31013,20.31403,9.29843,10.14179,11.06209,23.09978,8.90469,14.50379,10.42087,10.84804,19.82020,14.37901,9.62030,14.94135,12.37818,0.37312,0.72895,0.19699,0.05966,0.11801
153.5,204.21441,6.93440,10.96573,12.31165,20.31732,9.29962,10.14298,11.06423,23.10629,8.90593,14.50593,10.42215,10.84919,19.82248,14.38160,9.62470,14.94394,12.38158,0.37321,0.72898,0.19700,0.05967,0.11803
154,204.25053,6.93527,10.96795,12.31314,20.32056,9.30080,10.14416,11.06632,23.11269,8.90715,14.50804,10.42339,10.85031,19.82472,14.38415,9.62903,14.94648,12.38493,0.37329,0.72900,0.19701,0.05968,0.11805
154.5,204.28610,6.93613,10.97013,12.31461,20.32375,9.30196,10.14531,11.06839,23.11898,8.90835,14.51012,10.42462,10.85142,19.82693,14.38665,9.63329,14.94897,12.38822,0.37338,0.72903,0.19702,0.05969,0.11807
155,204.32114,6.93697,10.97228,12.31606,20.32688,9.30310,10.14645,11.07042,23.12517,8.90953,14.51217,10.42583,10.85251,19.82910,14.38911,9.63747,14.95143,12.39145,0.37347,0.72905,0.19704,0.05970,0.11809
155.5,204.35564,6.93780,10.97438,12.31748,20.32996,9.30422,10.14757,11.07241,23.13127,8.91069,14.51419,10.42702,10.85358,19.83123,14.39153,9.64159,14.95384,12.39463,0.37355,0.72908,0.19705,0.05971,0.11811
156,204.38962,6.93862,10.97646,12.31888,20.33300,9.30532,10.14867,11.07437,23.13726,8.91184,14.51617,10.42819,10.85463,19.83333,14.39391,9.64563,14.95621,12.39776,0.37363,0.72910,0.19706,0.05972,0.11813
156.5,204.42309,6.93942,10.97849,12.32026,20.33598,9.30641,10.14975,11.07630,23.14315,8.91296,14.51813,10.42934,10.85567,19.83539,14.39625,9.64961,14.95853,12.40083,0.37371,0.72912,0.19707,0.05973,0.11815
157,204.45605,6.94020,10.98050,12.32161,20.33891,9.30748,10.15082,11.07820,23.14895,8.91407,14.52005,10.43047,10.85669,19.83742,14.39855,9.65352,14.96082,12.40385,0.37379,0.72914,0.19708,0.05974,0.11816
157.5,204.48851,6.94098,10.98247,12.32295,20.34180,9.30853,10.15187,11.08007,23.15466,8.91517,14.52195,10.43158,10.85769,19.83941,14.40081,9.65736,14.96307,12.40682,0.37387,0.72917,0.19710,0.05975,0.11818
158,204.52048,6.94174,10.98440,12.32426,20.34464,9.30957,10.15291,11.08190,23.16027,8.91625,14.52382,10.43267,10.85867,19.84137,14.40303,9.66114,14.96527,12.40974,0.37395,0.72919,0.19711,0.05976,0.11820
158.5,204.55196,6.94249,10.98631,12.32555,20.34743,9.31059,10.15393,11.08371,23.16579,8.91731,14.52566,10.43374,10.85964,19.84330,14.40521,9.66486,14.96744,12.41261,0.37402,0.72921,0.19712,0.05977,0.11822
159,204.58297,6.94323,10.98818,12.32682,20.35017,9.31160,10.15493,11.08548,23.17122,8.91835,14.52747,10.43480,10.86059,19.84519,14.40736,9.66851,14.96958,12.41543,0.37410,0.72923,0.19713,0.05978,0.11823
159.5,204.61350,6.94395,10.99002,12.32807,20.35287,9.31258,10.15592,11.08723,23.17656,8.91938,14.52926,10.43584,10.86153,19.84706,14.40947,9.67210,14.97167,12.41820,0.37417,0.72925,0.19714,0.05979,0.11825
160,204.64357,6.94467,10.99183,12.32930,20.35553,9.31356,10.15689,11.08894,23.18182,8.92039,14.53102,10.43686,10.86245,19.84889,14.41154,9.67562,14.97373,12.42092,0.37424,0.72927,0.19715,0.05980,0.11826
160.5,204.67318,6.94537,10.99361,12.33050,20.35814,9.31452,10.15785,11.09063,23.18699,8.92139,14.53275,10.43786,10.86335,19.85069,14.41358,9.67909,14.97575,12.42360,0.37431,0.72929,0.19716,0.05981,0.11828
161,204.70235,6.94606,10.99536,12.33169,20.36072,9.31546,10.15879,11.09229,23.19208,8.92237,14.53446,10.43885,10.86424,19.85246,14.41558,9.68250,14.97774,12.42624,0.37438,0.72931,0.19717,0.05982,0.11830
161.5,204.73107,6.94673,10.99708,12.33287,20.36324,9.31639,10.15972,11.09392,23.19708,8.92334,14.53614,10.43982,10.86512,19.85421,14.41756,9.68585,14.97969,12.42882,0.37445,0.72933,0.19718,0.05983,0.11831
162,204.75935,6.94740,10.99877,12.33402,20.36573,9.31730,10.16063,11.09552,23.20200,8.92430,14.53779,10.44078,10.86598,19.85592,14.41949,9.68915,14.98161,12.43137,0.37452,0.72935,0.19719,0.05984,0.11833
162.5,204.78720,6.94806,11.00043,12.33515,20.36818,9.31820,10.16153,11.09710,23.20684,8.92523,14.53942,10.44172,10.86683,19.85760,14.42140,9.69239,14.98350,12.43387,0.37458,0.72937,0.19720,0.05984,0.11834
163,204.81463,6.94870,11.00207,12.33627,20.37058,9.31908,10.16242,11.09865,23.21161,8.92616,14.54102,10.44264,10.86766,19.85926,14.42327,9.69557,14.98535,12.43632,0.37465,0.72939,0.19721,0.05985,0.11836
163.5,204.84164,6.94933,11.00368,12.33736,20.37295,9.31996,10.16329,11.10018,23.21629,8.92707,14.54260,10.44355,10.86848,19.86089,14.42511,9.69870,14.98717,12.43874,0.37471,0.72941,0.19722,0.05986,0.11837
164,204.86824,6.94996,11.00526,12.33844,20.37528,9.32081,10.16415,11.10168,23.22090,8.92796,14.54416,10.44444,10.86928,19.86249,14.42692,9.70178,14.98896,12.44111,0.37477,0.72942,0.19723,0.05987,0.11839
164.5,204.89443,6.95057,11.00681,12.33950,20.37757,9.32166,10.16499,11.10316,23.22543,8.92885,14.54569,10.44532,10.87007,19.86407,14.42870,9.70480,14.99072,12.44345,0.37484,0.72944,0.19724,0.05988,0.11840
165,204.92023,6.95117,11.00834,12.34055,20.37982,9.32249,10.16582,11.10461,23.22989,8.92972,14.54720,10.44618,10.87085,19.86562,14.43045,9.70777,14.99244,12.44574,0.37490,0.72946,0.19725,0.05989,0.11841
165.5,204.94563,6.95177,11.00984,12.34158,20.38204,9.32331,10.16664,11.10604,23.23428,8.93057,14.54869,10.44703,10.87162,19.86714,14.43217,9.71070,14.99414,12.44800,0.37496,0.72948,0.19726,0.05989,0.11843
166,204.97064,6.95235,11.01132,12.34259,20.38421,9.32411,10.16745,11.10744,23.23860,8.93142,14.55015,10.44787,10.87237,19.86864,14.43386,9.71357,14.99581,12.45022,0.37501,0.72949,0.19727,0.05990,0.11844
166.5,204.99528,6.95292,11.01277,12.34358,20.38636,9.32490,10.16824,11.10882,23.24284,8.93225,14.55159,10.44869,10.87311,19.87011,14.43552,9.71639,14.99745,12.45239,0.37507,0.72951,0.19728,0.05991,0.11845
167,205.01953,6.95349,11.01420,12.34456,20.38847,9.32568,10.16902,11.11018,23.24702,8.93306,14.55301,10.44950,10.87384,19.87156,14.43715,9.71917,14.99906,12.45454,0.37513,0.72953,0.19728,0.05992,0.11847
167.5,205.04342,6.95404,11.01561,12.34553,20.39054,9.32645,10.16979,11.11151,23.25112,8.93387,14.55441,10.45029,10.87455,19.87298,14.43876,9.72190,15.00064,12.45664,0.37518,0.72954,0.19729,0.05992,0.11848
168,205.06694,6.95459,11.01699,12.34648,20.39258,9.32721,10.17055,11.11283,23.25516,8.93466,14.55579,10.45107,10.87526,19.87438,14.44034,9.72458,15.00220,12.45871,0.37524,0.72956,0.19730,0.05993,0.11849
168.5,205.09010,6.95513,11.01835,12.34741,20.39459,9.32795,10.17129,11.11412,23.25914,8.93544,14.55714,10.45184,10.87595,19.87576,14.44189,9.72721,15.00373,12.46075,0.37529,0.72957,0.19731,0.05994,0.11850
169,205.11291,6.95565,11.01968,12.34833,20.39656,9.32868,10.17203,11.11539,23.26305,8.93621,14.55848,10.45260,10.87663,19.87712,14.44342,9.72980,15.00523,12.46274,0.37535,0.72959,0.19732,0.05994,0.11852
169.5,205.13537,6.95617,11.02099,12.34923,20.39851,9.32941,10.17275,11.11664,23.26689,8.93697,14.55979,10.45334,10.87730,19.87845,14.44492,9.73235,15.00671,12.46471,0.37540,0.72960,0.19732,0.05995,0.11853
170,205.15749,6.95668,11.02229,12.35012,20.40042,9.33011,10.17346,11.11787,23.27068,8.93771,14.56109,10.45407,10.87796,19.87976,14.44639,9.73486,15.00816,12.46664,0.37545,0.72962,0.19733,0.05996,0.11854
170.5,205.17927,6.95719,11.02355,12.35099,20.40229,9.33081,10.17416,11.11907,23.27440,8.93845,14.56236,10.45479,10.87861,19.88105,14.44784,9.73732,15.00959,12.46854,0.37550,0.72963,0.19734,0.05997,0.11855
171,205.20071,6.95768,11.02480,12.35185,20.40414,9.33150,10.17485,11.12026,23.27806,8.93917,14.56362,10.45550,10.87924,19.88231,14.44927,9.73974,15.01099,12.47041,0.37555,0.72965,0.19735,0.05997,0.11856
171.5,205.22183,6.95816,11.02603,12.35270,20.40596,9.33218,10.17553,11.12143,23.28166,8.93988,14.56486,10.45619,10.87987,19.88356,14.45067,9.74211,15.01236,12.47224,0.37560,0.72966,0.19736,0.05998,0.11857
172,205.24263,6.95864,11.02724,12.35353,20.40775,9.33284,10.17620,11.12258,23.28520,8.94058,14.56608,10.45688,10.88049,19.88479,14.45205,9.74445,15.01372,12.47405,0.37564,0.72967,0.19736,0.05998,0.11858
172.5,205.26310,6.95911,11.02842,12.35435,20.40951,9.33350,10.17686,11.12371,23.28868,8.94127,14.56727,10.45755,10.88109,19.88599,14.45340,9.74675,15.01505,12.47582,0.37569,0.72969,0.19737,0.05999,0.11860
173,205.28326,6.95957,11.02959,12.35516,20.41124,9.33414,10.17750,11.12482,23.29211,8.94195,14.56846,10.45821,10.88169,19.88718,14.45473,9.74901,15.01635,12.47756,0.37574,0.72970,0.19738,0.06000,0.11861
173.5,205.30312,6.96003,11.03074,12.35595,20.41294,9.33478,10.17814,11.12591,23.29548,8.94262,14.56962,10.45886,10.88227,19.88834,14.45604,9.75123,15.01764,12.47927,0.37578,0.72971,0.19738,0.06000,0.11862
174,205.32267,6.96047,11.03187,12.35673,20.41462,9.33540,10.17877,11.12699,23.29880,8.94328,14.57076,10.45950,10.88285,19.88949,14.45733,9.75341,15.01890,12.48096,0.37583,0.72973,0.19739,0.06001,0.11863
174.5,205.34192,6.96091,11.03298,12.35750,20.41627,9.33602,10.17939,11.12805,23.30206,8.94393,14.57189,10.46013,10.88342,19.89062,14.45860,9.75555,15.02014,12.48261,0.37587,0.72974,0.19740,0.06002,0.11864
175,205.36087,6.96135,11.03407,12.35826,20.41789,9.33662,10.17999,11.12909,23.30527,8.94457,14.57300,10.46075,10.88398,19.89172,14.45984,9.75766,15.02136,12.48424,0.37591,0.72975,0.19740,0.06002,0.11865
175.5,205.37954,6.96177,11.03514,12.35900,20.41948,9.33722,10.18059,11.13011,23.30842,8.94520,14.57410,10.46135,10.88452,19.89281,14.46107,9.75973,15.02256,12.48584,0.37596,0.72976,0.19741,0.06003,0.11866
176,205.39791,6.96219,11.03619,12.35973,20.42105,9.33781,10.18118,11.13111,23.31153,8.94582,14.57517,10.46195,10.88506,19.89389,14.46227,9.76177,15.02374,12.48741,0.37600,0.72978,0.19742,0.06003,0.11867
176.5,205.41601,6.96260,11.03723,12.36045,20.42259,9.33838,10.18176,11.13210,23.31458,8.94643,14.57623,10.46254,10.88559,19.89494,14.46345,9.76377,15.02489,12.48896,0.37604,0.72979,0.19742,0.06004,0.11868
177,205.43383,6.96300,11.03825,12.36116,20.42411,9.33895,10.18233,11.13308,23.31759,8.94703,14.57728,10.46312,10.88612,19.89598,14.46461,9.76574,15.02603,12.49048,0.37608,0.72980,0.19743,0.06004,0.11868
177.5,205.45137,6.96340,11.03925,12.36186,20.42560,9.33951,10.18290,11.13403,23.32054,8.94762,14.57831,10.46369,10.88663,19.89700,14.46576,9.76767,15.02715,12.49197,0.37612,0.72981,0.19744,0.06005,0.11869
178,205.46865,6.96379,11.04024,12.36254,20.42707,9.34006,10.18345,11.13497,23.32345,8.94820,14.57932,10.46425,10.88713,19.89800,14.46688,9.76958,15.02825,12.49344,0.37616,0.72982,0.19744,0.06005,0.11870
178.5,205.48566,6.96418,11.04121,12.36322,20.42852,9.34061,10.18399,11.13590,23.32630,8.94877,14.58031,10.46480,10.88763,19.89899,14.46799,9.77144,15.02933,12.49488,0.37620,0.72983,0.19745,0.06006,0.11871
179,205.50241,6.96456,11.04216,12.36388,20.42994,9.34114,10.18453,11.13681,23.32912,8.94934,14.58130,10.46534,10.88812,19.89996,14.46907,9.77328,15.03039,12.49630,0.37623,0.72984,0.19745,0.06006,0.11872
179.5,205.51890,6.96493,11.04310,12.36453,20.43133,9.34166,10.18506,11.13771,23.33188,8.94990,14.58226,10.46587,10.88860,19.90091,14.47014,9.77509,15.03143,12.49769,0.37627,0.72985,0.19746,0.06007,0.11873
180,205.53514,6.96529,11.04402,12.36518,20.43271,9.34218,10.18558,11.13859,23.33460,8.95044,14.58322,10.46639,10.88907,19.90185,14.47119,9.77686,15.03245,12.49906,0.37631,0.72986,0.19747,0.06007,0.11874
180.5,205.55113,6.96565,11.04493,12.36581,20.43406,9.34269,10.18609,11.13945,23.33728,8.95098,14.58415,10.46691,10.88954,19.90277,14.47223,9.77861,15.03346,12.50041,0.37634,0.72987,0.19747,0.06008,0.11875
181,205.56687,6.96601,11.04582,12.36643,20.43539,9.34319,10.18659,11.14030,23.33991,8.95151,14.58508,10.46742,10.88999,19.90368,14.47324,9.78032,15.03445,12.50173,0.37638,0.72988,0.19748,0.06008,0.11875
181.5,205.58238,6.96635,11.04670,12.36704,20.43670,9.34368,10.18709,11.14114,23.34250,8.95204,14.58598,10.46791,10.89044,19.90458,14.47424,9.78201,15.03542,12.50303,0.37641,0.72989,0.19748,0.06009,0.11876
182,205.59764,6.96670,11.04756,12.36765,20.43799,9.34417,10.18758,11.14197,23.34505,8.95255,14.58688,10.46840,10.89088,19.90545,14.47522,9.78366,15.03638,12.50431,0.37645,0.72990,0.19749,0.06009,0.11877
182.5,205.61267,6.96703,11.04841,12.36824,20.43926,9.34465,10.18806,11.14278,23.34755,8.95306,14.58776,10.46889,10.89132,19.90632,14.47619,9.78529,15.03732,12.50557,0.37648,0.72991,0.19749,0.06010,0.11878
183,205.62747,6.96736,11.04924,12.36882,20.44050,9.34512,10.18853,11.14357,23.35002,8.95356,14.58863,10.46936,10.89175,19.90717,14.47714,9.78689,15.03824,12.50680,0.37651,0.72992,0.19750,0.06010,0.11879
183.5,205.64204,6.96769,11.05006,12.36940,20.44173,9.34558,10.18900,11.14436,23.35244,8.95405,14.58948,10.46983,10.89217,19.90800,14.47807,9.78846,15.03915,12.50802,0.37655,0.72993,0.19750,0.06011,0.11879
184,205.65638,6.96801,11.05087,12.36996,20.44294,9.34603,10.18945,11.14513,23.35483,8.95453,14.59032,10.47028,10.89258,19.90882,14.47899,9.79001,15.04004,12.50921,0.37658,0.72994,0.19751,0.06011,0.11880
184.5,205.67051,6.96832,11.05166,12.37052,20.44412,9.34648,10.18991,11.14589,23.35717,8.95501,14.59115,10.47073,10.89299,19.90963,14.47989,9.79153,15.04092,12.51039,0.37661,0.72995,0.19751,0.06012,0.11881
185,205.68441,6.96863,11.05244,12.37106,20.44529,9.34692,10.19035,11.14663,23.35948,8.95548,14.59197,10.47118,10.89339,19.91043,14.48078,9.79303,15.04178,12.51154,0.37664,0.72996,0.19752,0.06012,0.11881
185.5,205.69811,6.96894,11.05321,12.37160,20.44644,9.34736,10.19079,11.14737,23.36175,8.95594,14.59277,10.47161,10.89378,19.91121,14.48165,9.79449,15.04263,12.51267,0.37667,0.72997,0.19752,0.06012,0.11882
186,205.71159,6.96924,11.05396,12.37213,20.44757,9.34779,10.19122,11.14809,23.36398,8.95639,14.59356,10.47204,10.89417,19.91198,14.48250,9.79594,15.04346,12.51379,0.37670,0.72998,0.19753,0.06013,0.11883
186.5,205.72486,6.96953,11.05470,12.37265,20.44868,9.34821,10.19164,11.14880,23.36617,8.95684,14.59434,10.47246,10.89455,19.91274,14.48335,9.79736,15.04428,12.51488,0.37673,0.72999,0.19753,0.06013,0.11884
187,205.73793,6.96982,11.05543,12.37316,20.44977,9.34862,10.19206,11.14950,23.36833,8.95728,14.59511,10.47288,10.89493,19.91348,14.48418,9.79875,15.04509,12.51596,0.37676,0.72999,0.19754,0.06014,0.11884
187.5,205.75080,6.97011,11.05615,12.37367,20.45085,9.34903,10.19247,11.15018,23.37046,8.95771,14.59586,10.47329,10.89530,19.91421,14.48499,9.80012,15.04588,12.51702,0.37679,0.73000,0.19754,0.06014,0.11885
188,205.76347,6.97039,11.05686,12.37416,20.45191,9.34943,10.19287,11.15086,23.37255,8.95814,14.59661,10.47369,10.89566,19.91493,14.48579,9.80147,15.04665,12.51806,0.37682,0.73001,0.19755,0.06014,0.11886
188.5,205.77595,6.97066,11.05755,12.37465,20.45295,9.34982,10.19327,11.15152,23.37460,8.95856,14.59734,10.47408,10.89602,19.91564,14.48658,9.80279,15.04742,12.51909,0.37684,0.73002,0.19755,0.06015,0.11886
189,205.78823,6.97093,11.05823,12.37513,20.45397,9.35021,10.19366,11.15218,23.37662,8.95898,14.59806,10.47447,10.89637,19.91634,14.48736,9.80409,15.04817,12.52009,0.37687,0.73003,0.19756,0.06015,0.11887
189.5,205.80033,6.97120,11.05890,12.37560,20.45498,9.35060,10.19405,11.15282,23.37861,8.95938,14.59877,10.47485,10.89671,19.91702,14.48812,9.80537,15.04891,12.52108,0.37690,0.73003,0.19756,0.06016,0.11887
190,205.81223,6.97146,11.05956,12.37607,20.45597,9.35097,10.19443,11.15345,23.38057,8.95979,14.59947,10.47523,10.89705,19.91769,14.48887,9.80663,15.04963,12.52205,0.37692,0.73004,0.19756,0.06016,0.11888
190.5,205.82396,6.97172,11.06021,12.37653,20.45695,9.35134,10.19480,11.15407,23.38249,8.96018,14.60016,10.47560,10.89739,19.91836,14.48960,9.80787,15.05034,12.52301,0.37695,0.73005,0.19757,0.06016,0.11889
191,205.83550,6.97197,11.06085,12.37698,20.45791,9.35171,10.19517,11.15469,23.38439,8.96057,14.60083,10.47596,10.89771,19.91901,14.49033,9.80908,15.05104,12.52395,0.37697,0.73006,0.19757,0.06017,0.11889
191.5,205.84686,6.97222,11.06148,12.37742,20.45885,9.35207,10.19553,11.15529,23.38625,8.96095,14.60150,10.47632,10.89804,19.91965,14.49104,9.81028,15.05173,12.52487,0.37700,0.73006,0.19758,0.06017,0.11890
192,205.85805,6.97247,11.06209,12.37786,20.45978,9.35242,10.19589,11.15588,23.38808,8.96133,14.60216,10.47667,10.89836,19.92028,14.49174,9.81145,15.05241,12.52578,0.37702,0.73007,0.19758,0.06017,0.11890
192.5,205.86907,6.97271,11.06270,12.37829,20.46069,9.35277,10.19624,11.15646,23.38988,8.96170,14.60280,10.47701,10.89867,19.92090,14.49243,9.81260,15.05308,12.52667,0.37705,0.73008,0.19758,0.06018,0.11891
193,205.87992,6.97295,11.06330,12.37871,20.46159,9.35311,10.19658,11.15703,23.39165,8.96207,14.60344,10.47735,10.89898,19.92151,14.49311,9.81374,15.05373,12.52755,0.37707,0.73008,0.19759,0.06018,0.11891
193.5,205.89060,6.97318,11.06388,12.37912,20.46247,9.35345,10.19692,11.15760,23.39339,8.96243,14.60407,10.47769,10.89928,19.92211,14.49377,9.81485,15.05437,12.52841,0.37709,0.73009,0.19759,0.06018,0.11892
194,205.90111,6.97341,11.06446,12.37953,20.46334,9.35378,10.19726,11.15815,23.39511,8.96278,14.60469,10.47802,10.89958,19.92270,14.49443,9.81595,15.05500,12.52926,0.37712,0.73010,0.19760,0.06019,0.11893
194.5,205.91146,6.97364,11.06503,12.37993,20.46420,9.35411,10.19759,11.15870,23.39679,8.96313,14.60529,10.47834,10.89987,19.92328,14.49507,9.81702,15.05563,12.53009,0.37714,0.73010,0.19760,0.06019,0.11893
195,205.92165,6.97386,11.06559,12.38033,20.46504,9.35443,10.19791,11.15923,23.39845,8.96348,14.60589,10.47866,10.90016,19.92385,14.49570,9.81808,15.05624,12.53091,0.37716,0.73011,0.19760,0.06019,0.11894
195.5,205.93169,6.97408,11.06613,12.38072,20.46587,9.35474,10.19823,11.15976,23.40008,8.96381,14.60648,10.47897,10.90044,19.92441,14.49633,9.81912,15.05684,12.53171,0.37718,0.73012,0.19761,0.06020,0.11894
196,205.94157,6.97429,11.06667,12.38110,20.46668,9.35505,10.19855,11.16028,23.40169,8.96415,14.60706,10.47928,10.90072,19.92497,14.49694,9.82015,15.05743,12.53250,0.37720,0.73012,0.19761,0.06020,0.11895
196.5,205.95129,6.97450,11.06720,12.38148,20.46749,9.35536,10.19886,11.16079,23.40326,8.96448,14.60763,10.47958,10.90099,19.92551,14.49754,9.82115,15.05801,12.53328,0.37722,0.73013,0.19761,0.06020,0.11895
197,205.96087,6.97471,11.06773,12.38185,20.46827,9.35566,10.19916,11.16129,23.40482,8.96480,14.60820,10.47988,10.90126,19.92605,14.49813,9.82214,15.05858,12.53405,0.37724,0.73013,0.19762,0.06021,0.11896
197.5,205.97030,6.97492,11.06824,12.38221,20.46905,9.35596,10.19946,11.16178,23.40634,8.96512,14.60875,10.48017,10.90153,19.92657,14.49871,9.82311,15.05914,12.53480,0.37726,0.73014,0.19762,0.06021,0.11896
198,205.97958,6.97512,11.06874,12.38257,20.46981,9.35625,10.19976,11.16227,23.40785,8.96543,14.60929,10.48046,10.90179,19.92709,14.49929,9.82407,15.05969,12.53554,0.37728,0.73015,0.19762,0.06021,0.11897
198.5,205.98872,6.97531,11.06924,12.38293,20.47056,9.35654,10.20005,11.16274,23.40932,8.96574,14.60983,10.48074,10.90205,19.92760,14.49985,9.82500,15.06023,12.53626,0.37730,0.73015,0.19763,0.06021,0.11897
199,205.99772,6.97551,11.06973,12.38327,20.47130,9.35682,10.20033,11.16321,23.41078,8.96604,14.61036,10.48102,10.90230,19.92810,14.50040,9.82593,15.06076,12.53698,0.37732,0.73016,0.19763,0.06022,0.11897
199.5,206.00658,6.97570,11.07021,12.38362,20.47203,9.35710,10.20061,11.16368,23.41221,8.96634,14.61088,10.48130,10.90255,19.92859,14.50095,9.82683,15.06128,12.53768,0.37734,0.73016,0.19763,0.06022,0.11898
200,206.01530,6.97589,11.07068,12.38395,20.47275,9.35737,10.20089,11.16413,23.41361,8.96663,14.61139,10.48157,10.90279,19.92907,14.50148,9.82772,15.06180,12.53837,0.37736,0.73017,0.19764,0.06022,0.11898
200.5,206.02389,6.97607,11.07115,12.38428,20.47345,9.35764,10.20116,11.16458,23.41500,8.96692,14.61190,10.48183,10.90303,19.92955,14.50201,9.82860,15.06230,12.53905,0.37738,0.73017,0.19764,0.06022,0.11899
201,206.03234,6.97626,11.07160,12.38461,20.47414,9.35791,10.20143,11.16502,23.41636,8.96721,14.61239,10.48209,10.90327,19.93002,14.50252,9.82946,15.06280,12.53971,0.37740,0.73018,0.19764,0.06023,0.11899
201.5,206.04066,6.97643,11.07205,12.38493,20.47482,9.35817,10.20170,11.16545,23.41769,8.96749,14.61288,10.48235,10.90350,19.93048,14.50303,9.83031,15.06329,12.54037,0.37741,0.73018,0.19764,0.06023,0.11900
202,206.04886,6.97661,11.07250,12.38525,20.47549,9.35843,10.20196,11.16588,23.41901,8.96777,14.61336,10.48260,10.90373,19.93093,14.50353,9.83114,15.06377,12.54101,0.37743,0.73019,0.19765,0.06023,0.11900
202.5,206.05692,6.97678,11.07293,12.38556,20.47615,9.35868,10.20221,11.16629,23.42031,8.96804,14.61384,10.48285,10.90396,19.93138,14.50402,9.83196,15.06424,12.54165,0.37745,0.73019,0.19765,0.06023,0.11900
203,206.06487,6.97695,11.07336,12.38586,20.47680,9.35893,10.20247,11.16671,23.42158,8.96831,14.61431,10.48309,10.90418,19.93182,14.50451,9.83276,15.06471,12.54227,0.37747,0.73020,0.19765,0.06024,0.11901
203.5,206.07268,6.97712,11.07378,12.38616,20.47744,9.35918,10.20271,11.16711,23.42283,8.96857,14.61477,10.48333,10.90440,19.93225,14.50498,9.83355,15.06516,12.54288,0.37748,0.73020,0.19766,0.06024,0.11901
204,206.08038,6.97729,11.07419,12.38646,20.47806,9.35942,10.20296,11.16751,23.42406,8.96883,14.61522,10.48357,10.90461,19.93267,14.50545,9.83433,15.06561,12.54349,0.37750,0.73021,0.19766,0.06024,0.11902
204.5,206.08796,6.97745,11.07460,12.38675,20.47868,9.35966,10.20320,11.16790,23.42528,8.96909,14.61566,10.48380,10.90482,19.93309,14.50591,9.83509,15.06605,12.54408,0.37751,0.73021,0.19766,0.06024,0.11902
205,206.09542,6.97761,11.07500,12.38704,20.47929,9.35989,10.20343,11.16829,23.42647,8.96934,14.61610,10.48403,10.90503,19.93350,14.50636,9.83584,15.06648,12.54466,0.37753,0.73022,0.19766,0.06025,0.11902
205.5,206.10277,6.97776,11.07539,12.38732,20.47989,9.36012,10.20367,11.16867,23.42764,8.96959,14.61653,10.48426,10.90523,19.93391,14.50681,9.83658,15.06691,12.54523,0.37755,0.73022,0.19767,0.06025,0.11903
206,206.11000,6.97792,11.07578,12.38760,20.48048,9.36035,10.20390,11.16904,23.42879,8.96983,14.61696,10.48448,10.90543,19.93430,14.50725,9.83730,15.06733,12.54579,0.37756,0.73023,0.19767,0.06025,0.11903
206.5,206.11712,6.97807,11.07616,12.38787,20.48105,9.36057,10.20412,11.16941,23.42993,8.97007,14.61738,10.48470,10.90563,19.93470,14.50768,9.83802,15.06774,12.54635,0.37758,0.73023,0.19767,0.06025,0.11903
207,206.12413,6.97822,11.07653,12.38814,20.48162,9.36079,10.20435,11.16977,23.43105,8.97031,14.61779,10.48491,10.90583,19.93508,14.50810,9.83872,15.06815,12.54689,0.37759,0.73023,0.19767,0.06025,0.11904
207.5,206.13103,6.97837,11.07690,12.38840,20.48218,9.36101,10.20456,11.17012,23.43214,8.97054,14.61820,10.48512,10.90602,19.93546,14.50851,9.83941,15.06854,12.54742,0.37761,0.73024,0.19768,0.06026,0.11904
208,206.13783,6.97851,11.07726,12.38866,20.48273,9.36122,10.20478,11.17047,23.43322,8.97077,14.61859,10.48533,10.90621,19.93583,14.50892,9.84008,15.06894,12.54795,0.37762,0.73024,0.19768,0.06026,0.11904
208.5,206.14452,6.97865,11.07762,12.38892,20.48328,9.36143,10.20499,11.17081,23.43429,8.97099,14.61899,10.48553,10.90639,19.93620,14.50933,9.84075,15.06932,12.54846,0.37763,0.73025,0.19768,0.06026,0.11905
209,206.15110,6.97879,11.07797,12.38917,20.48381,9.36163,10.20520,11.17115,23.43533,8.97122,14.61938,10.48573,10.90657,19.93656,14.50972,9.84140,15.06970,12.54897,0.37765,0.73025,0.19768,0.06026,0.11905
209.5,206.15759,6.97893,11.07831,12.38942,20.48433,9.36184,10.20541,11.17149,23.43636,8.97144,14.61976,10.48593,10.90675,19.93691,14.51011,9.84204,15.07007,12.54947,0.37766,0.73025,0.19769,0.06027,0.11905
210,206.16397,6.97906,11.07865,12.38966,20.48485,9.36204,10.20561,11.17181,23.43737,8.97165,14.62013,10.48612,10.90693,19.93726,14.51049,9.84268,15.07044,12.54996,0.37767,0.73026,0.19769,0.06027,0.11906
210.5,206.17025,6.97920,11.07899,12.38990,20.48536,9.36223,10.20581,11.17213,23.43836,8.97186,14.62050,10.48631,10.90710,19.93760,14.51087,9.84330,15.07079,12.55044,0.37769,0.73026,0.19769,0.06027,0.11906
211,206.17644,6.97933,11.07931,12.39014,20.48586,9.36243,10.20600,11.17245,23.43934,8.97207,14.62087,10.48650,10.90727,19.93794,14.51124,9.84391,15.07115,12.55092,0.37770,0.73027,0.19769,0.06027,0.11906
211.5,206.18253,6.97946,11.07964,12.39037,20.48635,9.36262,10.20620,11.17276,23.44030,8.97228,14.62122,10.48668,10.90744,19.93827,14.51160,9.84451,15.07149,12.55138,0.37771,0.73027,0.19769,0.06027,0.11907
212,206.18852,6.97958,11.07995,12.39060,20.48683,9.36281,10.20639,11.17307,23.44125,8.97248,14.62158,10.48687,10.90760,19.93860,14.51196,9.84510,15.07184,12.55184,0.37773,0.73027,0.19770,0.06027,0.11907
212.5,206.19443,6.97971,11.08027,12.39082,20.48731,9.36299,10.20657,11.17337,23.44218,8.97268,14.62192,10.48704,10.90777,19.93892,14.51231,9.84568,15.07217,12.55229,0.37774,0.73028,0.19770,0.06028,0.11907
213,206.20024,6.97983,11.08057,12.39104,20.48778,9.36317,10.20676,11.17367,23.44310,8.97287,14.62227,10.48722,10.90793,19.93924,14.51266,9.84625,15.07250,12.55273,0.37775,0.73028,0.19770,0.06028,0.11908
213.5,206.20596,6.97995,11.08087,12.39126,20.48824,9.36335,10.20694,11.17396,23.44400,8.97307,14.62260,10.48739,10.90808,19.93955,14.51300,9.84681,15.07283,12.55317,0.37776,0.73028,0.19770,0.06028,0.11908
214,206.21159,6.98007,11.08117,12.39148,20.48869,9.36353,10.20712,11.17424,23.44488,8.97326,14.62293,10.48756,10.90824,19.93985,14.51333,9.84736,15.07315,12.55360,0.37777,0.73029,0.19770,0.06028,0.11908
214.5,206.21713,6.98018,11.08146,12.39169,20.48914,9.36370,10.20729,11.17453,23.44576,8.97345,14.62326,10.48773,10.90839,19.94015,14.51366,9.84790,15.07346,12.55402,0.37779,0.73029,0.19771,0.06028,0.11908
215,206.22259,6.98030,11.08175,12.39189,20.48958,9.36387,10.20746,11.17480,23.44661,8.97363,14.62358,10.48789,10.90854,19.94045,14.51399,9.84843,15.07377,12.55443,0.37780,0.73029,0.19771,0.06028,0.11909
215.5,206.22797,6.98041,11.08203,12.39210,20.49001,9.36404,10.20763,11.17508,23.44746,8.97381,14.62390,10.48805,10.90869,19.94074,14.51430,9.84896,15.07407,12.55484,0.37781,0.73030,0.19771,0.06029,0.11909
216,206.23326,6.98052,11.08231,12.39230,20.49043,9.36420,10.20780,11.17535,23.44829,8.97399,14.62421,10.48821,10.90883,19.94103,14.51462,9.84947,15.07437,12.55524,0.37782,0.73030,0.19771,0.06029,0.11909
216.5,206.23847,6.98063,11.08258,12.39250,20.49085,9.36436,10.20797,11.17561,23.44910,8.97417,14.62451,10.48837,10.90898,19.94131,14.51492,9.84998,15.07466,12.55563,0.37783,0.73030,0.19771,0.06029,0.11909
217,206.24359,6.98074,11.08285,12.39269,20.49126,9.36452,10.20813,11.17587,23.44990,8.97434,14.62482,10.48852,10.90912,19.94159,14.51523,9.85047,15.07495,12.55602,0.37784,0.73031,0.19772,0.06029,0.11910
217.5,206.24864,6.98084,11.08312,12.39288,20.49167,9.36468,10.20829,11.17613,23.45069,8.97451,14.62511,10.48868,10.90925,19.94186,14.51553,9.85096,15.07523,12.55640,0.37785,0.73031,0.19772,0.06029,0.11910
218,206.25361,6.98095,11.08338,12.39307,20.49207,9.36484,10.20844,11.17638,23.45147,8.97468,14.62541,10.48882,10.90939,19.94213,14.51582,9.85144,15.07551,12.55677,0.37786,0.73031,0.19772,0.06029,0.11910
218.5,206.25850,6.98105,11.08363,12.39326,20.49246,9.36499,10.20860,11.17662,23.45223,8.97484,14.62569,10.48897,10.90952,19.94239,14.51611,9.85191,15.07578,12.55714,0.37787,0.73031,0.19772,0.06030,0.11910
219,206.26332,6.98115,11.08388,12.39344,20.49284,9.36514,10.20875,11.17687,23.45299,8.97500,14.62598,10.48911,10.90965,19.94265,14.51639,9.85238,15.07605,12.55750,0.37788,0.73032,0.19772,0.06030,0.11911
219.5,206.26806,6.98125,11.08413,12.39362,20.49322,9.36529,10.20890,11.17711,23.45372,8.97516,14.62626,10.48926,10.90978,19.94291,14.51667,9.85283,15.07632,12.55786,0.37789,0.73032,0.19772,0.06030,0.11911
220,206.27273,6.98135,11.08437,12.39379,20.49359,9.36543,10.20905,11.17734,23.45445,8.97532,14.62653,10.48940,10.90991,19.94316,14.51694,9.85328,15.07658,12.55820,0.37790,0.73032,0.19773,0.06030,0.11911
220.5,206.27732,6.98144,11.08461,12.39397,20.49396,9.36558,10.20919,11.17758,23.45517,8.97548,14.62680,10.48953,10.91004,19.94340,14.51721,9.85372,15.07683,12.55855,0.37791,0.73033,0.19773,0.06030,0.11911
221,206.28185,6.98154,11.08485,12.39414,20.49432,9.36572,10.20934,11.17780,23.45587,8.97563,14.62707,10.48967,10.91016,19.94365,14.51748,9.85416,15.07709,12.55888,0.37792,0.73033,0.19773,0.06030,0.11912
221.5,206.28630,6.98163,11.08508,12.39431,20.49468,9.36585,10.20948,11.17803,23.45656,8.97578,14.62733,10.48980,10.91028,19.94389,14.51774,9.85458,15.07733,12.55922,0.37793,0.73033,0.19773,0.06030,0.11912
222,206.29068,6.98172,11.08531,12.39447,20.49503,9.36599,10.20962,11.17825,23.45724,8.97593,14.62759,10.48993,10.91040,19.94412,14.51799,9.85500,15.07758,12.55954,0.37794,0.73033,0.19773,0.06031,0.11912
222.5,206.29500,6.98181,11.08553,12.39464,20.49537,9.36613,10.20975,11.17847,23.45791,8.97607,14.62784,10.49006,10.91052,19.94435,14.51824,9.85541,15.07782,12.55986,0.37795,0.73034,0.19773,0.06031,0.11912
223,206.29925,6.98190,11.08575,12.39480,20.49571,9.36626,10.20989,11.17868,23.45857,8.97622,14.62809,10.49019,10.91063,19.94458,14.51849,9.85582,15.07805,12.56018,0.37795,0.73034,0.19774,0.06031,0.11912
223.5,206.30343,6.98198,11.08597,12.39495,20.49604,9.36639,10.21002,11.17889,23.45922,8.97636,14.62834,10.49031,10.91075,19.94481,14.51874,9.85621,15.07828,12.56049,0.37796,0.73034,0.19774,0.06031,0.11913
224,206.30755,6.98207,11.08618,12.39511,20.49637,9.36652,10.21015,11.17910,23.45986,8.97650,14.62858,10.49043,10.91086,19.94503,14.51898,9.85661,15.07851,12.56079,0.37797,0.73034,0.19774,0.06031,0.11913
224.5,206.31160,6.98215,11.08639,12.39526,20.49669,9.36664,10.21028,11.17930,23.46048,8.97663,14.62882,10.49055,10.91097,19.94524,14.51921,9.85699,15.07873,12.56109,0.37798,0.73035,0.19774,0.06031,0.11913
225,206.31559,6.98223,11.08660,12.39541,20.49701,9.36677,10.21040,11.17950,23.46110,8.97677,14.62905,10.49067,10.91108,19.94546,14.51944,9.85737,15.07895,12.56139,0.37799,0.73035,0.19774,0.06031,0.11913
225.5,206.31952,6.98231,11.08680,12.39556,20.49732,9.36689,10.21053,11.17970,23.46171,8.97690,14.62929,10.49079,10.91118,19.94567,14.51967,9.85774,15.07917,12.56168,0.37800,0.73035,0.19774,0.06031,0.11913
226,206.32339,6.98239,11.08700,12.39571,20.49763,9.36701,10.21065,11.17989,23.46230,8.97703,14.62951,10.49090,10.91129,19.94587,14.51990,9.85810,15.07938,12.56196,0.37800,0.73035,0.19774,0.06032,0.11914
226.5,206.32720,6.98247,11.08720,12.39585,20.49793,9.36713,10.21077,11.18008,23.46289,8.97716,14.62974,10.49101,10.91139,19.94608,14.52012,9.85846,15.07959,12.56224,0.37801,0.73036,0.19775,0.06032,0.11914
227,206.33094,6.98255,11.08739,12.39599,20.49823,9.36724,10.21089,11.18027,23.46347,8.97729,14.62996,10.49113,10.91149,19.94628,14.52033,9.85882,15.07980,12.56252,0.37802,0.73036,0.19775,0.06032,0.11914
227.5,206.33463,6.98263,11.08758,12.39613,20.49852,9.36736,10.21100,11.18045,23.46404,8.97741,14.63018,10.49123,10.91159,19.94647,14.52055,9.85916,15.08000,12.56279,0.37803,0.73036,0.19775,0.06032,0.11914
228,206.33827,6.98270,11.08777,12.39627,20.49881,9.36747,10.21112,11.18063,23.46460,8.97753,14.63039,10.49134,10.91169,19.94667,14.52076,9.85950,15.08020,12.56305,0.37803,0.73036,0.19775,0.06032,0.11914
228.5,206.34184,6.98277,11.08795,12.39640,20.49909,9.36758,10.21123,11.18081,23.46515,8.97766,14.63060,10.49145,10.91179,19.94686,14.52096,9.85984,15.08039,12.56331,0.37804,0.73036,0.19775,0.06032,0.11915
229,206.34536,6.98285,11.08813,12.39653,20.49937,9.36769,10.21134,11.18099,23.46569,8.97777,14.63081,10.49155,10.91188,19.94704,14.52117,9.86017,15.08058,12.56357,0.37805,0.73037,0.19775,0.06032,0.11915
229.5,206.34883,6.98292,11.08831,12.39666,20.49965,9.36780,10.21145,11.18116,23.46622,8.97789,14.63101,10.49165,10.91197,19.94723,14.52136,9.86049,15.08077,12.56382,0.37805,0.73037,0.19775,0.06032,0.11915
230,206.35224,6.98299,11.08848,12.39679,20.49992,9.36790,10.21156,11.18133,23.46674,8.97801,14.63121,10.49175,10.91207,19.94741,14.52156,9.86081,15.08096,12.56407,0.37806,0.73037,0.19775,0.06032,0.11915
230.5,206.35560,6.98305,11.08865,12.39692,20.50018,9.36801,10.21166,11.18150,23.46726,8.97812,14.63141,10.49185,10.91216,19.94759,14.52175,9.86112,15.08114,12.56432,0.37807,0.73037,0.19776,0.06033,0.11915
231,206.35890,6.98312,11.08882,12.39704,20.50044,9.36811,10.21177,11.18166,23.46776,8.97823,14.63161,10.49195,10.91225,19.94776,14.52194,9.86143,15.08132,12.56456,0.37808,0.73037,0.19776,0.06033,0.11915
231.5,206.36216,6.98319,11.08899,12.39716,20.50070,9.36821,10.21187,11.18182,23.46826,8.97834,14.63180,10.49204,10.91233,19.94794,14.52213,9.86173,15.08150,12.56479,0.37808,0.73038,0.19776,0.06033,0.11916
232,206.36536,6.98325,11.08915,12.39728,20.50095,9.36831,10.21197,11.18198,23.46875,8.97845,14.63199,10.49214,10.91242,19.94810,14.52231,9.86203,15.08167,12.56503,0.37809,0.73038,0.19776,0.06033,0.11916
232.5,206.36852,6.98332,11.08932,12.39740,20.50120,9.36841,10.21207,11.18214,23.46923,8.97856,14.63217,10.49223,10.91250,19.94827,14.52249,9.86232,15.08184,12.56525,0.37809,0.73038,0.19776,0.06033,0.11916
233,206.37162,6.98338,11.08947,12.39752,20.50144,9.36850,10.21217,11.18229,23.46971,8.97866,14.63235,10.49232,10.91259,19.94844,14.52267,9.86261,15.08201,12.56548,0.37810,0.73038,0.19776,0.06033,0.11916
233.5,206.37468,6.98344,11.08963,12.39763,20.50169,9.36860,10.21227,11.18245,23.47017,8.97876,14.63253,10.49241,10.91267,19.94860,14.52285,9.86289,15.08217,12.56570,0.37811,0.73038,0.19776,0.06033,0.11916
234,206.37769,6.98351,11.08978,12.39774,20.50192,9.36869,10.21236,11.18260,23.47063,8.97887,14.63271,10.49250,10.91275,19.94876,14.52302,9.86317,15.08234,12.56592,0.37811,0.73038,0.19776,0.06033,0.11916
234.5,206.38065,6.98357,11.08993,12.39785,20.50216,9.36878,10.21245,11.18274,23.47108,8.97897,14.63289,10.49259,10.91283,19.94891,14.52319,9.86345,15.08250,12.56613,0.37812,0.73039,0.19776,0.06033,0.11916
235,206.38356,6.98362,11.09008,12.39796,20.50239,9.36887,10.21255,11.18289,23.47153,8.97906,14.63306,10.49267,10.91291,19.94907,14.52335,9.86371,15.08265,12.56634,0.37812,0.73039,0.19777,0.06033,0.11917
235.5,206.38644,6.98368,11.09023,12.39807,20.50261,9.36896,10.21264,11.18303,23.47196,8.97916,14.63323,10.49276,10.91298,19.94922,14.52352,9.86398,15.08281,12.56655,0.37813,0.73039,0.19777,0.06033,0.11917
236,206.38926,6.98374,11.09037,12.39818,20.50283,9.36905,10.21273,11.18317,23.47239,8.97926,14.63339,10.49284,10.91306,19.94937,14.52368,9.86424,15.08296,12.56675,0.37814,0.73039,0.19777,0.06034,0.11917
236.5,206.39204,6.98380,11.09051,12.39828,20.50305,9.36914,10.21281,11.18331,23.47282,8.97935,14.63356,10.49292,10.91313,19.94951,14.52384,9.86449,15.08311,12.56695,0.37814,0.73039,0.19777,0.06034,0.11917
237,206.39478,6.98385,11.09065,12.39838,20.50327,9.36922,10.21290,11.18344,23.47323,8.97944,14.63372,10.49300,10.91321,19.94966,14.52399,9.86474,15.08325,12.56715,0.37815,0.73039,0.19777,0.06034,0.11917
237.5,206.39748,6.98391,11.09079,12.39848,20.50348,9.36931,10.21298,11.18357,23.47364,8.97953,14.63388,10.49308,10.91328,19.94980,14.52415,9.86499,15.08340,12.56734,0.37815,0.73040,0.19777,0.06034,0.11917
238,206.40013,6.98396,11.09092,12.39858,20.50369,9.36939,10.21307,11.18371,23.47404,8.97962,14.63403,10.49315,10.91335,19.94994,14.52430,9.86523,15.08354,12.56753,0.37816,0.73040,0.19777,0.06034,0.11917
238.5,206.40274,6.98401,11.09105,12.39868,20.50389,9.36947,10.21315,11.18383,23.47444,8.97971,14.63419,10.49323,10.91342,19.95008,14.52444,9.86547,15.08368,12.56772,0.37816,0.73040,0.19777,0.06034,0.11918
239,206.40531,6.98406,11.09118,12.39877,20.50409,9.36955,10.21323,11.18396,23.47483,8.97980,14.63434,10.49331,10.91349,19.95021,14.52459,9.86571,15.08382,12.56790,0.37817,0.73040,0.19777,0.06034,0.11918
239.5,206.40785,6.98412,11.09131,12.39887,20.50429,9.36963,10.21331,11.18409,23.47521,8.97988,14.63449,10.49338,10.91356,19.95035,14.52473,9.86594,15.08395,12.56808,0.37817,0.73040,0.19777,0.06034,0.11918
240,206.41034,6.98417,11.09144,12.39896,20.50449,9.36970,10.21339,11.18421,23.47559,8.97997,14.63464,10.49345,10.91362,19.95048,14.52487,9.86616,15.08408,12.56826,0.37818,0.73040,0.19778,0.06034,0.11918
240.5,206.41279,6.98422,11.09156,12.39905,20.50468,9.36978,10.21347,11.18433,23.47596,8.98005,14.63478,10.49352,10.91369,19.95061,14.52501,9.86638,15.08421,12.56843,0.37818,0.73040,0.19778,0.06034,0.11918
241,206.41521,6.98426,11.09168,12.39914,20.50487,9.36985,10.21354,11.18445,23.47632,8.98013,14.63492,10.49359,10.91375,19.95073,14.52515,9.86660,15.08434,12.56860,0.37819,0.73041,0.19778,0.06034,0.11918
241.5,206.41758,6.98431,11.09180,12.39923,20.50505,9.36993,10.21362,11.18456,23.47668,8.98021,14.63506,10.49366,10.91382,19.95086,14.52528,9.86682,15.08447,12.56877,0.37819,0.73041,0.19778,0.06034,0.11918
242,206.41992,6.98436,11.09192,12.39932,20.50524,9.37000,10.21369,11.18468,23.47703,8.98029,14.63520,10.49373,10.91388,19.95098,14.52541,9.86703,15.08459,12.56894,0.37820,0.73041,0.19778,0.06034,0.11918
242.5,206.42223,6.98441,11.09204,12.39940,20.50542,9.37007,10.21376,11.18479,23.47738,8.98037,14.63534,10.49380,10.91394,19.95110,14.52554,9.86724,15.08472,12.56910,0.37820,0.73041,0.19778,0.06035,0.11918
243,206.42450,6.98445,11.09215,12.39949,20.50559,9.37014,10.21383,11.18490,23.47772,8.98045,14.63547,10.49386,10.91400,19.95122,14.52567,9.86744,15.08484,12.56926,0.37821,0.73041,0.19778,0.06035,0.11919
243.5,206.42673,6.98450,11.09226,12.39957,20.50577,9.37021,10.21390,11.18501,23.47806,8.98052,14.63560,10.49393,10.91406,19.95134,14.52580,9.86764,15.08495,12.56942,0.37821,0.73041,0.19778,0.06035,0.11919
244,206.42893,6.98454,11.09237,12.39965,20.50594,9.37028,10.21397,11.18512,23.47839,8.98060,14.63573,10.49399,10.91412,19.95145,14.52592,9.86784,15.08507,12.56957,0.37822,0.73041,0.19778,0.06035,0.11919
244.5,206.43109,6.98458,11.09248,12.39973,20.50611,9.37034,10.21404,11.18523,23.47871,8.98067,14.63586,10.49405,10.91418,19.95156,14.52604,9.86804,15.08518,12.56972,0.37822,0.73042,0.19778,0.06035,0.11919
245,206.43322,6.98463,11.09259,12.39981,20.50627,9.37041,10.21411,11.18533,23.47903,8.98074,14.63599,10.49411,10.91423,19.95168,14.52616,9.86823,15.08530,12.56987,0.37822,0.73042,0.19778,0.06035,0.11919
245.5,206.43532,6.98467,11.09270,12.39989,20.50644,9.37047,10.21417,11.18543,23.47935,8.98081,14.63611,10.49417,10.91429,19.95178,14.52628,9.86841,15.08541,12.57002,0.37823,0.73042,0.19778,0.06035,0.11919
246,206.43738,6.98471,11.09280,12.39997,20.50660,9.37054,10.21424,11.18554,23.47966,8.98088,14.63623,10.49423,10.91434,19.95189,14.52639,9.86860,15.08551,12.57017,0.37823,0.73042,0.19778,0.06035,0.11919
246.5,206.43941,6.98475,11.09290,12.40004,20.50676,9.37060,10.21430,11.18563,23.47996,8.98095,14.63635,10.49429,10.91440,19.95200,14.52651,9.86878,15.08562,12.57031,0.37824,0.73042,0.19779,0.06035,0.11919
247,206.44141,6.98479,11.09300,12.40011,20.50691,9.37066,10.21437,11.18573,23.48026,8.98102,14.63647,10.49435,10.91445,19.95210,14.52662,9.86896,15.08573,12.57045,0.37824,0.73042,0.19779,0.06035,0.11919
247.5,206.44338,6.98483,11.09310,12.40019,20.50707,9.37072,10.21443,11.18583,23.48055,8.98109,14.63659,10.49441,10.91450,19.95221,14.52673,9.86913,15.08583,12.57059,0.37824,0.73042,0.19779,0.06035,0.11919
248,206.44532,6.98487,11.09320,12.40026,20.50722,9.37078,10.21449,11.18592,23.48084,8.98115,14.63670,10.49446,10.91455,19.95231,14.52684,9.86931,15.08593,12.57072,0.37825,0.73042,0.19779,0.06035,0.11920
248.5,206.44723,6.98491,11.09329,12.40033,20.50736,9.37084,10.21455,11.18602,23.48113,8.98122,14.63681,10.49452,10.91460,19.95241,14.52694,9.86948,15.08603,12.57086,0.37825,0.73042,0.19779,0.06035,0.11920
249,206.44910,6.98494,11.09338,12.40040,20.50751,9.37090,10.21461,11.18611,23.48141,8.98128,14.63692,10.49457,10.91465,19.95250,14.52705,9.86964,15.08613,12.57099,0.37825,0.73043,0.19779,0.06035,0.11920
249.5,206.45095,6.98498,11.09348,12.40047,20.50765,9.37096,10.21467,11.18620,23.48169,8.98134,14.63703,10.49462,10.91470,19.95260,14.52715,9.86981,15.08623,12.57112,0.37826,0.73043,0.19779,0.06035,0.11920
250,206.45277,6.98502,11.09357,12.40053,20.50780,9.37101,10.21472,11.18629,23.48196,8.98140,14.63714,10.49468,10.91475,19.95269,14.52725,9.86997,15.08632,12.57124,0.37826,0.73043,0.19779,0.06035,0.11920
250.5,206.45456,6.98505,11.09366,12.40060,20.50793,9.37107,10.21478,11.18637,23.48222,8.98146,14.63724,10.49473,10.91480,19.95279,14.52735,9.87013,15.08641,12.57137,0.37827,0.73043,0.19779,0.06036,0.11920
251,206.45633,6.98509,11.09374,12.40067,20.50807,9.37112,10.21483,11.18646,23.48249,8.98152,14.63735,10.49478,10.91484,19.95288,14.52745,9.87028,15.08651,12.57149,0.37827,0.73043,0.19779,0.06036,0.11920
251.5,206.45806,6.98512,11.09383,12.40073,20.50821,9.37118,10.21489,11.18654,23.48275,8.98158,14.63745,10.49483,10.91489,19.95297,14.52755,9.87044,15.08660,12.57161,0.37827,0.73043,0.19779,0.06036,0.11920
252,206.45977,6.98515,11.09392,12.40079,20.50834,9.37123,10.21494,11.18663,23.48300,8.98164,14.63755,10.49488,10.91493,19.95306,14.52764,9.87059,15.08669,12.57173,0.37828,0.73043,0.19779,0.06036,0.11920
252.5,206.46145,6.98519,11.09400,12.40086,20.50847,9.37128,10.21500,11.18671,23.48325,8.98170,14.63765,10.49492,10.91498,19.95314,14.52773,9.87074,15.08677,12.57184,0.37828,0.73043,0.19779,0.06036,0.11920
253,206.46311,6.98522,11.09408,12.40092,20.50860,9.37133,10.21505,11.18679,23.48350,8.98175,14.63775,10.49497,10.91502,19.95323,14.52783,9.87088,15.08686,12.57196,0.37828,0.73043,0.19779,0.06036,0.11920
253.5,206.46474,6.98525,11.09416,12.40098,20.50872,9.37138,10.21510,11.18687,23.48374,8.98181,14.63785,10.49502,10.91507,19.95331,14.52792,9.87102,15.08694,12.57207,0.37829,0.73043,0.19779,0.06036,0.11921
254,206.46634,6.98529,11.09424,12.40104,20.50885,9.37143,10.21515,11.18695,23.48398,8.98186,14.63794,10.49506,10.91511,19.95340,14.52800,9.87117,15.08703,12.57218,0.37829,0.73044,0.19779,0.06036,0.11921
254.5,206.46792,6.98532,11.09432,12.40109,20.50897,9.37148,10.21520,11.18702,23.48421,8.98192,14.63803,10.49511,10.91515,19.95348,14.52809,9.87130,15.08711,12.57229,0.37829,0.73044,0.19780,0.06036,0.11921
255,206.46948,6.98535,11.09440,12.40115,20.50909,9.37153,10.21525,11.18710,23.48444,8.98197,14.63812,10.49515,10.91519,19.95356,14.52818,9.87144,15.08719,12.57240,0.37829,0.73044,0.19780,0.06036,0.11921
255.5,206.47101,6.98538,11.09447,12.40121,20.50921,9.37157,10.21530,11.18717,23.48467,8.98202,14.63822,10.49520,10.91523,19.95364,14.52826,9.87157,15.08727,12.57250,0.37830,0.73044,0.19780,0.06036,0.11921
256,206.47252,6.98541,11.09455,12.40126,20.50932,9.37162,10.21534,11.18724,23.48489,8.98207,14.63830,10.49524,10.91527,19.95372,14.52835,9.87171,15.08735,12.57261,0.37830,0.73044,0.19780,0.06036,0.11921
256.5,206.47400,6.98544,11.09462,12.40132,20.50944,9.37167,10.21539,11.18732,23.48511,8.98212,14.63839,10.49528,10.91531,19.95379,14.52843,9.87183,15.08742,12.57271,0.37830,0.73044,0.19780,0.06036,0.11921
257,206.47546,6.98547,11.09469,12.40137,20.50955,9.37171,10.21543,11.18739,23.48532,8.98217,14.63848,10.49532,10.91535,19.95387,14.52851,9.87196,15.08750,12.57281,0.37831,0.73044,0.19780,0.06036,0.11921
257.5,206.47690,6.98549,11.09476,12.40142,20.50966,9.37176,10.21548,11.18746,23.48554,8.98222,14.63856,10.49536,10.91539,19.95394,14.52859,9.87209,15.08757,12.57291,0.37831,0.73044,0.19780,0.06036,0.11921
258,206.47831,6.98552,11.09483,12.40148,20.50977,9.37180,10.21552,11.18753,23.48575,8.98227,14.63865,10.49540,10.91542,19.95402,14.52866,9.87221,15.08764,12.57300,0.37831,0.73044,0.19780,0.06036,0.11921
258.5,206.47970,6.98555,11.09490,12.40153,20.50988,9.37184,10.21557,11.18759,23.48595,8.98231,14.63873,10.49544,10.91546,19.95409,14.52874,9.87233,15.08772,12.57310,0.37831,0.73044,0.19780,0.06036,0.11921
259,206.48107,6.98558,11.09497,12.40158,20.50998,9.37188,10.21561,11.18766,23.48615,8.98236,14.63881,10.49548,10.91550,19.95416,14.52882,9.87245,15.08779,12.57319,0.37832,0.73044,0.19780,0.06036,0.11921
259.5,206.48242,6.98560,11.09504,12.40163,20.51009,9.37193,10.21565,11.18772,23.48635,8.98241,14.63889,10.49552,10.91553,19.95423,14.52889,9.87257,15.08785,12.57329,0.37832,0.73044,0.19780,0.06036,0.11921
260,206.48375,6.98563,11.09510,12.40168,20.51019,9.37197,10.21570,11.18779,23.48655,8.98245,14.63897,10.49556,10.91557,19.95430,14.52896,9.87268,15.08792,12.57338,0.37832,0.73045,0.19780,0.06036,0.11921
260.5,206.48506,6.98565,11.09517,12.40172,20.51029,9.37201,10.21574,11.18785,23.48674,8.98249,14.63904,10.49560,10.91560,19.95436,14.52903,9.87279,15.08799,12.57347,0.37832,0.73045,0.19780,0.06036,0.11921
261,206.48635,6.98568,11.09523,12.40177,20.51039,9.37205,10.21578,11.18791,23.48693,8.98254,14.63912,10.49563,10.91563,19.95443,14.52910,9.87291,15.08806,12.57355,0.37833,0.73045,0.19780,0.06037,0.11922
261.5,206.48761,6.98570,11.09529,12.40182,20.51049,9.37208,10.21582,11.18797,23.48712,8.98258,14.63920,10.49567,10.91567,19.95449,14.52917,9.87301,15.08812,12.57364,0.37833,0.73045,0.19780,0.06037,0.11922
262,206.48886,6.98573,11.09535,12.40186,20.51058,9.37212,10.21586,11.18803,23.48730,8.98262,14.63927,10.49570,10.91570,19.95456,14.52924,9.87312,15.08818,12.57372,0.37833,0.73045,0.19780,0.06037,0.11922
262.5,206.49009,6.98575,11.09541,12.40191,20.51068,9.37216,10.21589,11.18809,23.48748,8.98266,14.63934,10.49574,10.91573,19.95462,14.52931,9.87323,15.08825,12.57381,0.37833,0.73045,0.19780,0.06037,0.11922
263,206.49130,6.98578,11.09547,12.40195,20.51077,9.37220,10.21593,11.18815,23.48766,8.98271,14.63941,10.49577,10.91576,19.95468,14.52937,9.87333,15.08831,12.57389,0.37834,0.73045,0.19780,0.06037,0.11922
263.5,206.49249,6.98580,11.09553,12.40200,20.51086,9.37223,10.21597,11.18821,23.48783,8.98275,14.63948,10.49581,10.91579,19.95475,14.52944,9.87343,15.08837,12.57397,0.37834,0.73045,0.19780,0.06037,0.11922
264,206.49366,6.98582,11.09559,12.40204,20.51095,9.37227,10.21601,11.18826,23.48800,8.98279,14.63955,10.49584,10.91582,19.95481,14.52950,9.87353,15.08843,12.57405,0.37834,0.73045,0.19780,0.06037,0.11922
264.5,206.49481,6.98584,11.09564,12.40208,20.51104,9.37231,10.21604,11.18832,23.48817,8.98282,14.63962,10.49587,10.91585,19.95486,14.52957,9.87363,15.08849,12.57413,0.37834,0.73045,0.19780,0.06037,0.11922
265,206.49595,6.98587,11.09570,12.40212,20.51113,9.37234,10.21608,11.18837,23.48834,8.98286,14.63969,10.49590,10.91588,19.95492,14.52963,9.87373,15.08855,12.57420,0.37835,0.73045,0.19781,0.06037,0.11922
265.5,206.49706,6.98589,11.09575,12.40216,20.51121,9.37237,10.21611,11.18843,23.48850,8.98290,14.63975,10.49593,10.91591,19.95498,14.52969,9.87383,15.08860,12.57428,0.37835,0.73045,0.19781,0.06037,0.11922
266,206.49816,6.98591,11.09581,12.40220,20.51130,9.37241,10.21615,11.18848,23.48866,8.98294,14.63982,10.49597,10.91594,19.95504,14.52975,9.87392,15.08866,12.57435,0.37835,0.73045,0.19781,0.06037,0.11922
266.5,206.49924,6.98593,11.09586,12.40224,20.51138,9.37244,10.21618,11.18853,23.48882,8.98297,14.63988,10.49600,10.91597,19.95509,14.52981,9.87401,15.08871,12.57443,0.37835,0.73045,0.19781,0.06037,0.11922
267,206.50031,6.98595,11.09591,12.40228,20.51146,9.37247,10.21621,11.18858,23.48898,8.98301,14.63994,10.49603,10.91600,19.95515,14.52986,9.87410,15.08877,12.57450,0.37835,0.73045,0.19781,0.06037,0.11922
267.5,206.50136,6.98597,11.09596,12.40232,20.51154,9.37251,10.21625,11.18863,23.48913,8.98305,14.64001,10.49606,10.91603,19.95520,14.52992,9.87419,15.08882,12.57457,0.37836,0.73045,0.19781,0.06037,0.11922
268,206.50239,6.98599,11.09601,12.40236,20.51162,9.37254,10.21628,11.18868,23.48928,8.98308,14.64007,10.49608,10.91605,19.95525,14.52998,9.87428,15.08887,12.57464,0.37836,0.73046,0.19781,0.06037,0.11922
268.5,206.50341,6.98601,11.09606,12.40240,20.51170,9.37257,10.21631,11.18873,23.48943,8.98312,14.64013,10.49611,10.91608,19.95530,14.53003,9.87437,15.08892,12.57471,0.37836,0.73046,0.19781,0.06037,0.11922
269,206.50441,6.98603,11.09611,12.40243,20.51178,9.37260,10.21634,11.18878,23.48957,8.98315,14.64019,10.49614,10.91611,19.95536,14.53009,9.87445,15.08897,12.57477,0.37836,0.73046,0.19781,0.06037,0.11922
269.5,206.50539,6.98605,11.09616,12.40247,20.51185,9.37263,10.21637,11.18883,23.48972,8.98318,14.64024,10.49617,10.91613,19.95541,14.53014,9.87453,15.08902,12.57484,0.37836,0.73046,0.19781,0.06037,0.11922
270,206.50636,6.98607,11.09621,12.40250,20.51193,9.37266,10.21640,11.18887,23.48986,8.98321,14.64030,10.49620,10.91616,19.95546,14.53019,9.87462,15.08907,12.57490,0.37837,0.73046,0.19781,0.06037,0.11923
270.5,206.50732,6.98609,11.09625,12.40254,20.51200,9.37269,10.21643,11.18892,23.49000,8.98325,14.64036,10.49622,10.91618,19.95550,14.53024,9.87470,15.08912,12.57497,0.37837,0.73046,0.19781,0.06037,0.11923
271,206.50826,6.98611,11.09630,12.40257,20.51207,9.37272,10.21646,11.18896,23.49013,8.98328,14.64041,10.49625,10.91621,19.95555,14.53029,9.87478,15.08917,12.57503,0.37837,0.73046,0.19781,0.06037,0.11923
271.5,206.50918,6.98612,11.09635,12.40261,20.51214,9.37275,10.21649,11.18901,23.49027,8.98331,14.64047,10.49628,10.91623,19.95560,14.53034,9.87485,15.08921,12.57509,0.37837,0.73046,0.19781,0.06037,0.11923
272,206.51009,6.98614,11.09639,12.40264,20.51221,9.37277,10.21652,11.18905,23.49040,8.98334,14.64052,10.49630,10.91625,19.95565,14.53039,9.87493,15.08926,12.57515,0.37837,0.73046,0.19781,0.06037,0.11923
272.5,206.51099,6.98616,11.09643,12.40267,20.51228,9.37280,10.21655,11.18909,23.49053,8.98337,14.64058,10.49633,10.91628,19.95569,14.53044,9.87501,15.08931,12.57521,0.37837,0.73046,0.19781,0.06037,0.11923
273,206.51187,6.98618,11.09648,12.40271,20.51235,9.37283,10.21658,11.18914,23.49066,8.98340,14.64063,10.49635,10.91630,19.95574,14.53049,9.87508,15.08935,12.57527,0.37838,0.73046,0.19781,0.06037,0.11923
273.5,206.51274,6.98619,11.09652,12.40274,20.51241,9.37286,10.21660,11.18918,23.49078,8.98343,14.64068,10.49637,10.91632,19.95578,14.53054,9.87515,15.08939,12.57533,0.37838,0.73046,0.19781,0.06037,0.11923
274,206.51359,6.98621,11.09656,12.40277,20.51248,9.37288,10.21663,11.18922,23.49091,8.98346,14.64073,10.49640,10.91634,19.95582,14.53058,9.87522,15.08944,12.57538,0.37838,0.73046,0.19781,0.06037,0.11923
274.5,206.51443,6.98623,11.09660,12.40280,20.51254,9.37291,10.21666,11.18926,23.49103,8.98349,14.64078,10.49642,10.91637,19.95587,14.53063,9.87530,15.08948,12.57544,0.37838,0.73046,0.19781,0.06037,0.11923
275,206.51526,6.98624,11.09664,12.40283,20.51261,9.37293,10.21668,11.18930,23.49115,8.98352,14.64083,10.49645,10.91639,19.95591,14.53067,9.87536,15.08952,12.57550,0.37838,0.73046,0.19781,0.06037,0.11923
275.5,206.51607,6.98626,11.09668,12.40286,20.51267,9.37296,10.21671,11.18934,23.49127,8.98354,14.64088,10.49647,10.91641,19.95595,14.53071,9.87543,15.08956,12.57555,0.37838,0.73046,0.19781,0.06037,0.11923
276,206.51688,6.98627,11.09672,12.40289,20.51273,9.37298,10.21673,11.18938,23.49138,8.98357,14.64092,10.49649,10.91643,19.95599,14.53076,9.87550,15.08960,12.57560,0.37839,0.73046,0.19781,0.06037,0.11923
276.5,206.51767,6.98629,11.09676,12.40292,20.51279,9.37301,10.21676,11.18941,23.49150,8.98360,14.64097,10.49651,10.91645,19.95603,14.53080,9.87557,15.08964,12.57565,0.37839,0.73046,0.19781,0.06037,0.11923
277,206.51844,6.98630,11.09679,12.40295,20.51285,9.37303,10.21678,11.18945,23.49161,8.98362,14.64102,10.49653,10.91647,19.95607,14.53084,9.87563,15.08968,12.57571,0.37839,0.73046,0.19781,0.06037,0.11923
277.5,206.51921,6.98632,11.09683,12.40297,20.51291,9.37305,10.21681,11.18949,23.49172,8.98365,14.64106,10.49656,10.91649,19.95611,14.53088,9.87569,15.08972,12.57576,0.37839,0.73046,0.19781,0.06038,0.11923
278,206.51996,6.98633,11.09687,12.40300,20.51296,9.37308,10.21683,11.18952,23.49183,8.98367,14.64111,10.49658,10.91651,19.95615,14.53092,9.87576,15.08975,12.57581,0.37839,0.73047,0.19781,0.06038,0.11923
278.5,206.52070,6.98635,11.09690,12.40303,20.51302,9.37310,10.21685,11.18956,23.49193,8.98370,14.64115,10.49660,10.91653,19.95618,14.53096,9.87582,15.08979,12.57586,0.37839,0.73047,0.19781,0.06038,0.11923
279,206.52143,6.98636,11.09694,12.40305,20.51308,9.37312,10.21688,11.18959,23.49204,8.98372,14.64119,10.49662,10.91655,19.95622,14.53100,9.87588,15.08983,12.57590,0.37839,0.73047,0.19781,0.06038,0.11923
279.5,206.52215,6.98637,11.09697,12.40308,20.51313,9.37314,10.21690,11.18963,23.49214,8.98375,14.64123,10.49664,10.91657,19.95626,14.53104,9.87594,15.08986,12.57595,0.37840,0.73047,0.19781,0.06038,0.11923
280,206.52286,6.98639,11.09701,12.40311,20.51318,9.37316,10.21692,11.18966,23.49225,8.98377,14.64128,10.49666,10.91658,19.95629,14.53108,9.87600,15.08990,12.57600,0.37840,0.73047,0.19781,0.06038,0.11923
280.5,206.52356,6.98640,11.09704,12.40313,20.51324,9.37319,10.21694,11.18969,23.49235,8.98380,14.64132,10.49668,10.91660,19.95633,14.53111,9.87606,15.08993,12.57604,0.37840,0.73047,0.19782,0.06038,0.11923
281,206.52424,6.98641,11.09707,12.40316,20.51329,9.37321,10.21696,11.18973,23.49244,8.98382,14.64136,10.49670,10.91662,19.95636,14.53115,9.87611,15.08997,12.57609,0.37840,0.73047,0.19782,0.06038,0.11923
281.5,206.52492,6.98643,11.09711,12.40318,20.51334,9.37323,10.21698,11.18976,23.49254,8.98384,14.64140,10.49671,10.91664,19.95640,14.53119,9.87617,15.09000,12.57613,0.37840,0.73047,0.19782,0.06038,0.11923
282,206.52558,6.98644,11.09714,12.40320,20.51339,9.37325,10.21701,11.18979,23.49264,8.98387,14.64144,10.49673,10.91665,19.95643,14.53122,9.87622,15.09003,12.57618,0.37840,0.73047,0.19782,0.06038,0.11923
282.5,206.52623,6.98645,11.09717,12.40323,20.51344,9.37327,10.21703,11.18982,23.49273,8.98389,14.64148,10.49675,10.91667,19.95646,14.53126,9.87628,15.09007,12.57622,0.37840,0.73047,0.19782,0.06038,0.11923
283,206.52688,6.98647,11.09720,12.40325,20.51349,9.37329,10.21705,11.18985,23.49282,8.98391,14.64151,10.49677,10.91669,19.95650,14.53129,9.87633,15.09010,12.57626,0.37840,0.73047,0.19782,0.06038,0.11923
283.5,206.52751,6.98648,11.09723,12.40327,20.51354,9.37331,10.21707,11.18988,23.49291,8.98393,14.64155,10.49679,10.91670,19.95653,14.53133,9.87638,15.09013,12.57630,0.37841,0.73047,0.19782,0.06038,0.11923
284,206.52813,6.98649,11.09726,12.40330,20.51358,9.37333,10.21709,11.18991,23.49300,8.98395,14.64159,10.49680,10.91672,19.95656,14.53136,9.87643,15.09016,12.57634,0.37841,0.73047,0.19782,0.06038,0.11924
284.5,206.52875,6.98650,11.09729,12.40332,20.51363,9.37334,10.21710,11.18994,23.49309,8.98397,14.64162,10.49682,10.91674,19.95659,14.53139,9.87648,15.09019,12.57638,0.37841,0.73047,0.19782,0.06038,0.11924
285,206.52935,6.98651,11.09732,12.40334,20.51368,9.37336,10.21712,11.18997,23.49318,8.98399,14.64166,10.49684,10.91675,19.95662,14.53142,9.87653,15.09022,12.57642,0.37841,0.73047,0.19782,0.06038,0.11924
285.5,206.52994,6.98652,11.09735,12.40336,20.51372,9.37338,10.21714,11.19000,23.49326,8.98401,14.64170,10.49685,10.91677,19.95665,14.53145,9.87658,15.09025,12.57646,0.37841,0.73047,0.19782,0.06038,0.11924
286,206.53053,6.98654,11.09738,12.40338,20.51377,9.37340,10.21716,11.19002,23.49335,8.98403,14.64173,10.49687,10.91678,19.95668,14.53149,9.87663,15.09028,12.57650,0.37841,0.73047,0.19782,0.06038,0.11924
286.5,206.53111,6.98655,11.09740,12.40340,20.51381,9.37342,10.21718,11.19005,23.49343,8.98405,14.64176,10.49689,10.91680,19.95671,14.53152,9.87668,15.09031,12.57654,0.37841,0.73047,0.19782,0.06038,0.11924
287,206.53167,6.98656,11.09743,12.40343,20.51385,9.37343,10.21720,11.19008,23.49351,8.98407,14.64180,10.49690,10.91681,19.95674,14.53155,9.87672,15.09033,12.57657,0.37841,0.73047,0.19782,0.06038,0.11924
287.5,206.53223,6.98657,11.09746,12.40345,20.51389,9.37345,10.21721,11.19010,23.49359,8.98409,14.64183,10.49692,10.91683,19.95677,14.53158,9.87677,15.09036,12.57661,0.37841,0.73047,0.19782,0.06038,0.11924
288,206.53278,6.98658,11.09748,12.40347,20.51394,9.37347,10.21723,11.19013,23.49367,8.98411,14.64186,10.49693,10.91684,19.95680,14.53160,9.87681,15.09039,12.57664,0.37842,0.73047,0.19782,0.06038,0.11924
288.5,206.53332,6.98659,11.09751,12.40349,20.51398,9.37348,10.21725,11.19015,23.49374,8.98413,14.64190,10.49695,10.91685,19.95682,14.53163,9.87686,15.09042,12.57668,0.37842,0.73047,0.19782,0.06038,0.11924
289,206.53385,6.98660,11.09754,12.40350,20.51402,9.37350,10.21726,11.19018,23.49382,8.98414,14.64193,10.49696,10.91687,19.95685,14.53166,9.87690,15.09044,12.57671,0.37842,0.73047,0.19782,0.06038,0.11924
289.5,206.53438,6.98661,11.09756,12.40352,20.51406,9.37352,10.21728,11.19020,23.49390,8.98416,14.64196,10.49698,10.91688,19.95688,14.53169,9.87694,15.09047,12.57675,0.37842,0.73047,0.19782,0.06038,0.11924
290,206.53489,6.98662,11.09758,12.40354,20.51410,9.37353,10.21730,11.19023,23.49397,8.98418,14.64199,10.49699,10.91689,19.95690,14.53172,9.87699,15.09049,12.57678,0.37842,0.73047,0.19782,0.06038,0.11924
290.5,206.53540,6.98663,11.09761,12.40356,20.51413,9.37355,10.21731,11.19025,23.49404,8.98420,14.64202,10.49700,10.91691,19.95693,14.53174,9.87703,15.09052,12.57681,0.37842,0.73047,0.19782,0.06038,0.11924
291,206.53590,6.98664,11.09763,12.40358,20.51417,9.37356,10.21733,11.19028,23.49411,8.98421,14.64205,10.49702,10.91692,19.95695,14.53177,9.87707,15.09054,12.57685,0.37842,0.73047,0.19782,0.06038,0.11924
291.5,206.53639,6.98665,11.09766,12.40360,20.51421,9.37358,10.21734,11.19030,23.49418,8.98423,14.64208,10.49703,10.91693,19.95698,14.53179,9.87711,15.09057,12.57688,0.37842,0.73047,0.19782,0.06038,0.11924
292,206.53688,6.98666,11.09768,12.40361,20.51425,9.37359,10.21736,11.19032,23.49425,8.98425,14.64211,10.49704,10.91695,19.95700,14.53182,9.87715,15.09059,12.57691,0.37842,0.73047,0.19782,0.06038,0.11924
292.5,206.53735,6.98667,11.09770,12.40363,20.51428,9.37361,10.21737,11.19034,23.49432,8.98426,14.64213,10.49706,10.91696,19.95703,14.53185,9.87719,15.09061,12.57694,0.37842,0.73047,0.19782,0.06038,0.11924
293,206.53782,6.98667,11.09772,12.40365,20.51432,9.37362,10.21739,11.19037,23.49439,8.98428,14.64216,10.49707,10.91697,19.95705,14.53187,9.87722,15.09064,12.57697,0.37843,0.73047,0.19782,0.06038,0.11924
293.5,206.53829,6.98668,11.09775,12.40366,20.51435,9.37364,10.21740,11.19039,23.49445,8.98429,14.64219,10.49708,10.91698,19.95707,14.53189,9.87726,15.09066,12.57700,0.37843,0.73048,0.19782,0.06038,0.11924
294,206.53874,6.98669,11.09777,12.40368,20.51439,9.37365,10.21742,11.19041,23.49452,8.98431,14.64222,10.49710,10.91699,19.95709,14.53192,9.87730,15.09068,12.57703,0.37843,0.73048,0.19782,0.06038,0.11924
294.5,206.53919,6.98670,11.09779,12.40370,20.51442,9.37366,10.21743,11.19043,23.49458,8.98433,14.64224,10.49711,10.91700,19.95712,14.53194,9.87733,15.09070,12.57706,0.37843,0.73048,0.19782,0.06038,0.11924
295,206.53963,6.98671,11.09781,12.40371,20.51445,9.37368,10.21744,11.19045,23.49464,8.98434,14.64227,10.49712,10.91702,19.95714,14.53196,9.87737,15.09072,12.57709,0.37843,0.73048,0.19782,0.06038,0.11924
295.5,206.54006,6.98672,11.09783,12.40373,20.51449,9.37369,10.21746,11.19047,23.49470,8.98436,14.64229,10.49713,10.91703,19.95716,14.53199,9.87740,15.09074,12.57711,0.37843,0.73048,0.19782,0.06038,0.11924
296,206.54049,6.98672,11.09785,12.40374,20.51452,9.37370,10.21747,11.19049,23.49476,8.98437,14.64232,10.49714,10.91704,19.95718,14.53201,9.87744,15.09077,12.57714,0.37843,0.73048,0.19782,0.06038,0.11924
296.5,206.54091,6.98673,11.09787,12.40376,20.51455,9.37372,10.21748,11.19051,23.49482,8.98438,14.64234,10.49716,10.91705,19.95720,14.53203,9.87747,15.09079,12.57717,0.37843,0.73048,0.19782,0.06038,0.11924
297,206.54132,6.98674,11.09789,12.40377,20.51458,9.37373,10.21750,11.19053,23.49488,8.98440,14.64237,10.49717,10.91706,19.95722,14.53205,9.87750,15.09081,12.57719,0.37843,0.73048,0.19782,0.06038,0.11924
297.5,206.54173,6.98675,11.09791,12.40379,20.51461,9.37374,10.21751,11.19055,23.49494,8.98441,14.64239,10.49718,10.91707,19.95724,14.53207,9.87754,15.09083,12.57722,0.37843,0.73048,0.19782,0.06038,0.11924
298,206.54213,6.98676,11.09793,12.40380,20.51464,9.37375,10.21752,11.19057,23.49500,8.98443,14.64242,10.49719,10.91708,19.95726,14.53210,9.87757,15.09085,12.57725,0.37843,0.73048,0.19782,0.06038,0.11924
298.5,206.54252,6.98676,11.09795,12.40382,20.51467,9.37377,10.21753,11.19059,23.49505,8.98444,14.64244,10.49720,10.91709,19.95728,14.53212,9.87760,15.09086,12.57727,0.37843,0.73048,0.19782,0.06038,0.11924
299,206.54291,6.98677,11.09797,12.40383,20.51470,9.37378,10.21755,11.19061,23.49511,8.98445,14.64246,10.49721,10.91710,19.95730,14.53214,9.87763,15.09088,12.57730,0.37844,0.73048,0.19782,0.06038,0.11924
299.5,206.54329,6.98678,11.09798,12.40385,20.51473,9.37379,10.21756,11.19062,23.49516,8.98446,14.64248,10.49722,10.91711,19.95732,14.53216,9.87766,15.09090,12.57732,0.37844,0.73048,0.19782,0.06038,0.11924
300,206.54367,6.98678,11.09800,12.40386,20.51476,9.37380,10.21757,11.19064,23.49521,8.98448,14.64251,10.49723,10.91712,19.95734,14.53218,9.87769,15.09092,12.57734,0.37844,0.73048,0.19782,0.06038,0.11924
